"State","County","Year","Days with AQI","Good Days","Moderate Days","Unhealthy for Sensitive Groups Days","Unhealthy Days","Very Unhealthy Days","Hazardous Days","Max AQI","90th Percentile AQI","Median AQI","Days CO","Days NO2","Days Ozone","Days PM2.5","Days PM10"
"Alabama","Baldwin",2023,170,143,27,0,0,0,0,90,54,40,0,0,84,86,0
"Alabama","Clay",2023,155,109,46,0,0,0,0,83,61,40,0,0,0,155,0
"Alabama","DeKalb",2023,212,155,55,2,0,0,0,133,63,43,0,0,141,71,0
"Alabama","Elmore",2023,118,102,16,0,0,0,0,90,54,40,0,0,118,0,0
"Alabama","Etowah",2023,181,126,55,0,0,0,0,100,64,43,0,0,74,107,0
"Alabama","Jefferson",2023,182,72,98,8,3,1,0,230,91,54,1,0,63,118,0
"Alabama","Madison",2023,181,129,50,2,0,0,0,115,68,43,0,0,86,95,0
"Alabama","Mobile",2023,178,133,45,0,0,0,0,90,59,43,0,0,68,110,0
"Alabama","Montgomery",2023,150,97,53,0,0,0,0,93,71,47,0,0,66,84,0
"Alabama","Morgan",2023,181,138,41,2,0,0,0,140,64,41,0,0,95,86,0
"Alabama","Russell",2023,176,133,43,0,0,0,0,93,64,42,0,0,103,73,0
"Alabama","Shelby",2023,120,102,17,1,0,0,0,108,64,41,0,0,120,0,0
"Alabama","Sumter",2023,179,163,16,0,0,0,0,80,50,34,0,0,86,93,0
"Alabama","Tuscaloosa",2023,181,135,46,0,0,0,0,87,62,41,0,0,66,115,0
"Alaska","Anchorage ",2023,182,166,16,0,0,0,0,71,49,20,8,0,0,76,98
"Alaska","Denali ",2023,220,220,0,0,0,0,0,50,44,34,0,0,220,0,0
"Alaska","Fairbanks North Star ",2023,182,142,29,9,2,0,0,155,64,39,1,0,103,78,0
"Alaska","Juneau ",2023,180,168,12,0,0,0,0,66,41,17,0,0,0,176,4
"Alaska","Matanuska-Susitna ",2023,176,163,12,1,0,0,0,102,37,10,0,0,0,122,54
"Arizona","Apache",2023,272,271,1,0,0,0,0,61,24,12,0,0,0,10,262
"Arizona","Cochise",2023,273,189,81,3,0,0,0,108,67,45,0,0,219,0,54
"Arizona","Coconino",2023,273,160,112,1,0,0,0,126,80,49,0,0,273,0,0
"Arizona","Gila",2023,273,146,115,11,1,0,0,154,88,49,0,0,259,0,14
"Arizona","La Paz",2023,272,168,101,3,0,0,0,126,77,47,0,0,260,2,10
"Arizona","Maricopa",2023,274,66,153,51,4,0,0,161,119,67,1,1,208,34,30
"Arizona","Mohave",2023,265,258,7,0,0,0,0,99,28,15,0,0,0,0,265
"Arizona","Navajo",2023,271,198,73,0,0,0,0,84,67,45,0,0,238,0,33
"Arizona","Pima",2023,273,149,122,2,0,0,0,147,77,48,0,0,138,16,119
"Arizona","Pinal",2023,273,123,126,22,2,0,0,159,97,54,0,0,205,3,65
"Arizona","Santa Cruz",2023,268,246,22,0,0,0,0,85,46,28,0,0,0,116,152
"Arizona","Yavapai",2023,272,212,60,0,0,0,0,87,64,44,0,0,272,0,0
"Arizona","Yuma",2023,273,159,104,6,3,0,1,517,80,47,0,0,200,8,65
"Arkansas","Arkansas",2023,90,71,19,0,0,0,0,78,59,35,0,0,0,90,0
"Arkansas","Ashley",2023,89,66,22,1,0,0,0,107,58,34,0,0,0,89,0
"Arkansas","Clark",2023,210,191,19,0,0,0,0,87,49,34,0,0,210,0,0
"Arkansas","Crittenden",2023,272,205,62,5,0,0,0,133,71,42,0,1,241,30,0
"Arkansas","Garland",2023,76,59,17,0,0,0,0,63,56,34,0,0,0,76,0
"Arkansas","Jackson",2023,91,70,21,0,0,0,0,73,61,35,0,0,0,91,0
"Arkansas","Newton",2023,273,237,36,0,0,0,0,90,58,40,0,0,273,0,0
"Arkansas","Polk",2023,212,192,20,0,0,0,0,66,50,38,0,0,158,54,0
"Arkansas","Pulaski",2023,274,154,115,4,1,0,0,174,71,47,1,0,108,165,0
"Arkansas","Union",2023,90,65,24,1,0,0,0,102,59,39,0,0,0,90,0
"Arkansas","Washington",2023,273,186,82,5,0,0,0,119,67,45,0,0,261,12,0
"California","Alameda",2023,213,170,35,8,0,0,0,104,62,40,2,18,137,56,0
"California","Amador",2023,150,150,0,0,0,0,0,49,43,33,0,0,150,0,0
"California","Butte",2023,181,148,33,0,0,0,0,87,57,43,0,0,157,24,0
"California","Calaveras",2023,181,174,7,0,0,0,0,61,46,35,0,0,162,19,0
"California","Colusa",2023,269,152,117,0,0,0,0,98,62,48,0,0,108,161,0
"California","Contra Costa",2023,213,166,47,0,0,0,0,87,58,41,1,1,121,90,0
"California","Del Norte",2023,163,156,7,0,0,0,0,67,43,25,0,0,0,163,0
"California","El Dorado",2023,181,148,32,1,0,0,0,105,67,39,0,0,178,0,3
"California","Fresno",2023,243,118,105,19,1,0,0,151,93,51,0,0,204,38,1
"California","Glenn",2023,149,132,17,0,0,0,0,97,51,38,0,0,134,15,0
"California","Humboldt",2023,233,202,20,6,3,2,0,274,58,31,0,0,144,71,18
"California","Imperial",2023,191,77,97,11,1,2,3,505,98,55,0,0,115,35,41
"California","Inyo",2023,273,117,137,12,2,0,5,757,90,57,0,0,177,68,28
"California","Kern",2023,240,173,65,2,0,0,0,111,60,42,0,0,58,170,12
"California","Kings",2023,212,162,43,7,0,0,0,129,67,41,0,0,170,0,42
"California","Lake",2023,104,104,0,0,0,0,0,43,40,33,0,0,89,15,0
"California","Los Angeles",2023,212,74,118,18,2,0,0,192,100,58,0,8,122,76,6
"California","Marin",2023,213,210,3,0,0,0,0,62,40,33,1,1,168,43,0
"California","Mariposa",2023,243,179,61,2,1,0,0,158,71,45,0,0,238,5,0
"California","Mendocino",2023,90,47,43,0,0,0,0,87,72,49,0,0,21,69,0
"California","Mono",2023,181,163,14,0,1,0,3,1695,49,21,0,0,0,77,104
"California","Monterey",2023,213,206,7,0,0,0,0,63,46,38,1,0,166,46,0
"California","Nevada",2023,181,138,39,4,0,0,0,136,67,44,0,0,168,13,0
"California","Orange",2023,182,153,29,0,0,0,0,97,54,41,1,16,131,33,1
"California","Placer",2023,212,131,80,1,0,0,0,112,74,48,0,0,188,24,0
"California","Plumas",2023,181,104,75,2,0,0,0,142,81,41,0,0,0,181,0
"California","Riverside",2023,243,67,106,46,19,2,3,644,150,74,0,1,183,32,27
"California","Sacramento",2023,241,202,39,0,0,0,0,90,56,38,0,0,108,132,1
"California","San Benito",2023,242,209,33,0,0,0,0,93,54,40,0,0,239,1,2
"California","San Bernardino",2023,243,76,111,48,7,1,0,201,126,64,0,13,192,33,5
"California","San Diego",2023,271,166,90,15,0,0,0,140,84,46,0,0,197,72,2
"California","San Francisco",2023,213,208,5,0,0,0,0,61,40,31,3,15,137,58,0
"California","San Joaquin",2023,138,109,27,2,0,0,0,114,63,38,3,0,90,45,0
"California","San Luis Obispo",2023,181,145,36,0,0,0,0,97,61,43,0,2,150,22,7
"California","San Mateo",2023,213,203,10,0,0,0,0,58,45,35,3,11,125,74,0
"California","Santa Barbara",2023,182,170,12,0,0,0,0,77,48,40,1,0,143,33,5
"California","Santa Clara",2023,213,185,26,2,0,0,0,112,52,39,1,4,164,44,0
"California","Santa Cruz",2023,212,209,3,0,0,0,0,55,41,33,0,0,147,65,0
"California","Shasta",2023,242,203,39,0,0,0,0,80,54,44,0,0,232,10,0
"California","Siskiyou",2023,90,82,8,0,0,0,0,60,50,38,0,0,58,32,0
"California","Solano",2023,218,200,18,0,0,0,0,97,49,38,1,0,167,45,5
"California","Sonoma",2023,213,210,3,0,0,0,0,60,41,33,3,0,167,43,0
"California","Stanislaus",2023,167,130,36,1,0,0,0,108,66,42,1,0,115,51,0
"California","Sutter",2023,149,118,31,0,0,0,0,87,60,40,0,0,118,31,0
"California","Tehama",2023,149,125,23,1,0,0,0,101,58,39,0,0,137,12,0
"California","Trinity",2023,124,110,14,0,0,0,0,64,53,18,0,0,0,124,0
"California","Tulare",2023,243,115,89,35,4,0,0,156,115,52,0,0,198,44,1
"California","Tuolumne",2023,151,144,7,0,0,0,0,80,47,35,0,0,151,0,0
"California","Ventura",2023,212,160,45,7,0,0,0,136,80,44,0,0,192,19,1
"California","Yolo",2023,192,164,27,1,0,0,0,105,54,39,0,0,155,35,2
"Colorado","Adams",2023,267,152,110,3,2,0,0,168,74,49,0,30,151,49,37
"Colorado","Arapahoe",2023,249,160,81,8,0,0,0,122,74,48,0,0,235,14,0
"Colorado","Archuleta",2023,248,233,14,1,0,0,0,120,48,38,0,0,179,0,69
"Colorado","Boulder",2023,249,133,111,3,2,0,0,173,77,49,0,0,173,74,2
"Colorado","Clear Creek",2023,240,129,110,1,0,0,0,108,71,50,0,0,240,0,0
"Colorado","Denver",2023,267,119,141,4,2,1,0,277,84,53,0,46,157,64,0
"Colorado","Douglas",2023,251,140,97,13,1,0,0,170,87,49,0,0,188,63,0
"Colorado","El Paso",2023,248,148,98,1,1,0,0,153,77,48,1,0,232,11,4
"Colorado","Fremont",2023,80,79,1,0,0,0,0,71,23,13,0,0,0,0,80
"Colorado","Garfield",2023,90,85,5,0,0,0,0,71,50,43,0,0,90,0,0
"Colorado","Gilpin",2023,212,134,75,3,0,0,0,129,74,48,0,0,212,0,0
"Colorado","Gunnison",2023,208,127,81,0,0,0,0,93,64,49,0,0,208,0,0
"Colorado","Jefferson",2023,243,107,119,17,0,0,0,143,97,54,0,1,242,0,0
"Colorado","La Plata",2023,244,134,108,1,1,0,0,161,77,50,1,0,237,6,0
"Colorado","Larimer",2023,244,103,137,3,1,0,0,156,80,51,1,0,220,23,0
"Colorado","Mesa",2023,231,200,31,0,0,0,0,77,54,41,0,0,170,33,28
"Colorado","Montezuma",2023,273,200,73,0,0,0,0,80,61,46,0,0,273,0,0
"Colorado","Pitkin",2023,68,68,0,0,0,0,0,46,28,13,0,0,0,0,68
"Colorado","Prowers",2023,238,230,7,1,0,0,0,103,33,16,0,0,0,0,238
"Colorado","Pueblo",2023,245,170,74,1,0,0,0,115,71,44,0,0,180,21,44
"Colorado","Rio Blanco",2023,181,117,59,4,1,0,0,166,70,49,0,0,171,10,0
"Colorado","Routt",2023,236,231,5,0,0,0,0,58,23,14,0,0,0,0,236
"Colorado","San Miguel",2023,76,75,1,0,0,0,0,54,20,12,0,0,0,0,76
"Colorado","Weld",2023,249,100,146,2,1,0,0,159,84,55,1,1,191,56,0
"Connecticut","Fairfield",2023,181,131,41,5,3,1,0,217,77,44,0,9,98,73,1
"Connecticut","Hartford",2023,182,144,32,3,3,0,0,162,58,41,1,16,120,45,0
"Connecticut","Litchfield",2023,180,154,20,2,4,0,0,174,61,40,6,0,151,23,0
"Connecticut","Middlesex",2023,118,99,17,2,0,0,0,140,61,43,0,0,118,0,0
"Connecticut","New Haven",2023,181,134,40,4,3,0,0,191,65,44,0,10,111,59,1
"Connecticut","New London",2023,181,154,21,3,3,0,0,162,55,40,0,0,103,78,0
"Connecticut","Tolland",2023,121,97,22,1,1,0,0,156,61,43,0,0,121,0,0
"Connecticut","Windham",2023,211,192,17,2,0,0,0,112,49,37,0,0,211,0,0
"Country Of Mexico","SONORA",2023,273,153,114,6,0,0,0,126,76,47,0,0,125,57,91
"District Of Columbia","District of Columbia",2023,244,156,77,8,3,0,0,184,80,46,1,11,178,54,0
"Florida","Alachua",2023,181,155,26,0,0,0,0,87,54,40,0,0,115,66,0
"Florida","Baker",2023,181,147,34,0,0,0,0,81,55,40,0,0,105,76,0
"Florida","Bay",2023,181,132,49,0,0,0,0,78,58,45,0,0,88,93,0
"Florida","Brevard",2023,181,144,37,0,0,0,0,84,58,43,0,0,143,38,0
"Florida","Broward",2023,182,104,77,1,0,0,0,105,63,47,1,3,51,127,0
"Florida","Citrus",2023,180,156,24,0,0,0,0,70,53,36,0,0,0,180,0
"Florida","Collier",2023,180,160,20,0,0,0,0,84,52,39,0,0,97,83,0
"Florida","Columbia",2023,180,134,46,0,0,0,0,86,58,43,0,0,104,76,0
"Florida","Duval",2023,182,124,58,0,0,0,0,83,65,45,1,1,93,87,0
"Florida","Escambia",2023,181,121,60,0,0,0,0,93,65,44,0,0,100,81,0
"Florida","Flagler",2023,181,171,10,0,0,0,0,71,47,38,0,0,181,0,0
"Florida","Hamilton",2023,151,121,30,0,0,0,0,69,55,36,0,0,0,151,0
"Florida","Highlands",2023,179,165,13,1,0,0,0,108,50,38,0,0,179,0,0
"Florida","Hillsborough",2023,182,123,57,2,0,0,0,112,74,46,1,0,107,68,6
"Florida","Holmes",2023,181,131,50,0,0,0,0,77,60,43,0,0,79,102,0
"Florida","Indian River",2023,211,205,6,0,0,0,0,71,45,35,0,0,211,0,0
"Florida","Lake",2023,180,159,21,0,0,0,0,97,54,40,0,0,180,0,0
"Florida","Lee",2023,181,164,16,1,0,0,0,101,49,36,0,0,181,0,0
"Florida","Leon",2023,181,127,54,0,0,0,0,93,60,41,0,0,78,103,0
"Florida","Liberty",2023,198,192,6,0,0,0,0,64,46,35,0,0,198,0,0
"Florida","Manatee",2023,179,164,15,0,0,0,0,90,49,36,0,0,179,0,0
"Florida","Marion",2023,181,151,30,0,0,0,0,80,56,42,0,0,140,41,0
"Florida","Martin",2023,181,163,18,0,0,0,0,71,50,39,0,0,126,55,0
"Florida","Miami-Dade",2023,182,139,41,0,2,0,0,165,58,44,1,22,88,71,0
"Florida","Okaloosa",2023,57,48,9,0,0,0,0,84,64,42,0,0,52,0,5
"Florida","Orange",2023,182,140,40,2,0,0,0,115,64,43,1,2,141,38,0
"Florida","Osceola",2023,175,151,24,0,0,0,0,80,54,39,0,0,175,0,0
"Florida","Palm Beach",2023,181,154,27,0,0,0,0,72,54,41,0,0,112,69,0
"Florida","Pasco",2023,181,146,35,0,0,0,0,97,58,41,0,0,181,0,0
"Florida","Pinellas",2023,182,130,50,2,0,0,0,108,61,44,1,0,98,81,2
"Florida","Polk",2023,181,143,37,1,0,0,0,101,63,42,0,0,149,32,0
"Florida","Putnam",2023,181,181,0,0,0,0,0,46,28,16,0,0,0,0,181
"Florida","Santa Rosa",2023,181,143,38,0,0,0,0,100,59,42,0,0,123,58,0
"Florida","Sarasota",2023,181,142,39,0,0,0,0,100,59,44,0,0,118,63,0
"Florida","Seminole",2023,181,158,23,0,0,0,0,90,54,41,0,0,149,32,0
"Florida","St. Lucie",2023,177,170,7,0,0,0,0,74,47,38,0,0,177,0,0
"Florida","Volusia",2023,181,147,34,0,0,0,0,80,56,42,0,0,124,57,0
"Florida","Wakulla",2023,181,157,24,0,0,0,0,74,53,38,3,0,110,68,0
"Georgia","Bibb",2023,229,140,85,3,1,0,0,155,71,46,0,0,52,177,0
"Georgia","Chatham",2023,228,172,54,2,0,0,0,108,60,41,0,0,84,144,0
"Georgia","Chattooga",2023,152,133,19,0,0,0,0,100,51,39,0,0,152,0,0
"Georgia","Clarke",2023,241,150,88,3,0,0,0,147,72,47,0,0,84,157,0
"Georgia","Clayton",2023,70,53,17,0,0,0,0,97,60,38,0,0,0,70,0
"Georgia","Cobb",2023,171,138,31,2,0,0,0,125,61,40,0,0,129,42,0
"Georgia","Coffee",2023,66,55,11,0,0,0,0,87,56,30,0,0,0,66,0
"Georgia","Columbia",2023,149,140,9,0,0,0,0,74,49,38,0,0,149,0,0
"Georgia","Dawson",2023,183,163,18,2,0,0,0,126,51,39,0,0,183,0,0
"Georgia","DeKalb",2023,243,155,82,6,0,0,0,134,71,46,0,21,82,140,0
"Georgia","Dougherty",2023,242,152,85,5,0,0,0,140,70,43,0,0,0,242,0
"Georgia","Douglas",2023,184,142,36,6,0,0,0,136,74,43,0,0,184,0,0
"Georgia","Floyd",2023,220,163,56,1,0,0,0,110,62,34,0,0,0,220,0
"Georgia","Fulton",2023,243,145,89,8,1,0,0,172,74,47,0,12,108,123,0
"Georgia","Glynn",2023,271,229,42,0,0,0,0,88,56,38,0,0,122,149,0
"Georgia","Gwinnett",2023,243,156,81,6,0,0,0,140,79,46,0,0,125,118,0
"Georgia","Hall",2023,241,158,80,3,0,0,0,137,67,42,0,0,0,241,0
"Georgia","Henry",2023,242,180,55,6,1,0,0,152,62,42,0,0,122,120,0
"Georgia","Houston",2023,243,158,84,0,1,0,0,152,63,40,0,0,0,243,0
"Georgia","Lowndes",2023,241,172,67,2,0,0,0,105,62,38,0,0,0,241,0
"Georgia","Murray",2023,151,115,32,4,0,0,0,108,77,44,0,0,151,0,0
"Georgia","Muscogee",2023,273,182,88,2,1,0,0,153,67,44,0,0,113,160,0
"Georgia","Pike",2023,208,168,36,4,0,0,0,133,64,40,0,0,208,0,0
"Georgia","Richmond",2023,241,152,89,0,0,0,0,93,66,44,0,0,73,168,0
"Georgia","Rockdale",2023,150,123,23,4,0,0,0,136,71,42,0,0,150,0,0
"Georgia","Sumter",2023,153,135,18,0,0,0,0,87,51,39,0,0,153,0,0
"Georgia","Walker",2023,242,146,94,2,0,0,0,145,69,44,0,0,0,242,0
"Georgia","Washington",2023,238,146,89,2,1,0,0,159,69,45,0,0,0,238,0
"Hawaii","Hawaii",2023,226,220,6,0,0,0,0,68,35,17,0,0,0,226,0
"Hawaii","Honolulu",2023,182,179,2,1,0,0,0,117,41,31,1,0,136,45,0
"Hawaii","Maui",2023,163,162,0,0,1,0,0,152,29,18,0,0,0,163,0
"Idaho","Ada",2023,182,153,28,1,0,0,0,101,54,41,1,10,149,22,0
"Idaho","Bannock",2023,181,129,20,1,0,0,31,551,542,44,0,0,85,45,51
"Idaho","Benewah",2023,181,147,34,0,0,0,0,92,56,33,0,0,0,181,0
"Idaho","Blaine",2023,163,161,2,0,0,0,0,59,26,15,0,0,0,163,0
"Idaho","Boise",2023,181,164,17,0,0,0,0,74,50,28,0,0,0,181,0
"Idaho","Bonner",2023,179,171,8,0,0,0,0,72,45,23,0,0,0,161,18
"Idaho","Bonneville",2023,173,167,6,0,0,0,0,82,36,18,0,0,0,173,0
"Idaho","Butte",2023,238,198,40,0,0,0,0,80,54,46,0,0,238,0,0
"Idaho","Canyon",2023,180,166,14,0,0,0,0,75,47,21,0,0,0,158,22
"Idaho","Franklin",2023,181,163,14,3,1,0,0,154,50,16,0,0,0,181,0
"Idaho","Idaho",2023,212,203,9,0,0,0,0,88,47,39,0,0,194,18,0
"Idaho","Kootenai",2023,177,166,11,0,0,0,0,66,41,21,0,0,0,177,0
"Idaho","Latah",2023,181,177,4,0,0,0,0,74,23,10,0,0,0,181,0
"Idaho","Lemhi",2023,179,140,38,1,0,0,0,119,63,25,0,0,0,179,0
"Idaho","Nez Perce",2023,181,165,15,1,0,0,0,113,48,25,0,0,0,181,0
"Idaho","Shoshone",2023,181,137,44,0,0,0,0,84,59,34,0,0,0,180,1
"Idaho","Twin Falls",2023,164,159,5,0,0,0,0,77,30,18,0,0,0,164,0
"Idaho","Valley",2023,176,159,17,0,0,0,0,67,50,19,0,0,0,176,0
"Illinois","Adams",2023,214,157,45,12,0,0,0,136,84,44,0,0,214,0,0
"Illinois","Champaign",2023,273,171,89,11,1,1,0,252,77,46,0,0,177,96,0
"Illinois","Clark",2023,236,201,30,5,0,0,0,136,58,40,0,0,236,0,0
"Illinois","Cook",2023,274,116,124,27,7,0,0,199,108,54,1,14,134,121,4
"Illinois","DuPage",2023,273,157,99,11,4,2,0,209,81,48,0,0,123,150,0
"Illinois","Effingham",2023,211,152,49,10,0,0,0,140,77,45,0,0,211,0,0
"Illinois","Hamilton",2023,273,192,70,10,1,0,0,156,69,44,0,0,147,126,0
"Illinois","Jersey",2023,273,174,81,17,1,0,0,162,87,45,0,0,162,111,0
"Illinois","Jo Daviess",2023,206,160,37,8,1,0,0,154,87,40,0,0,206,0,0
"Illinois","Kane",2023,236,158,57,16,5,0,0,174,100,45,0,0,197,39,0
"Illinois","Lake",2023,212,154,44,13,1,0,0,179,84,44,0,0,212,0,0
"Illinois","Macon",2023,273,156,101,14,1,1,0,262,82,48,0,0,149,124,0
"Illinois","Macoupin",2023,273,220,43,10,0,0,0,129,67,41,0,60,213,0,0
"Illinois","Madison",2023,271,132,123,14,2,0,0,154,87,51,0,0,156,115,0
"Illinois","McHenry",2023,273,163,89,16,4,1,0,205,90,46,0,0,147,126,0
"Illinois","McLean",2023,273,157,103,10,2,1,0,264,84,47,0,0,143,130,0
"Illinois","Peoria",2023,248,148,78,21,1,0,0,151,93,47,0,0,177,71,0
"Illinois","Randolph",2023,273,187,73,11,2,0,0,156,74,44,0,0,164,109,0
"Illinois","Rock Island",2023,273,153,100,16,3,1,0,207,84,48,0,0,134,139,0
"Illinois","Saint Clair",2023,273,142,117,12,2,0,0,169,80,49,0,8,121,144,0
"Illinois","Sangamon",2023,273,160,93,17,2,1,0,222,80,47,0,0,140,133,0
"Illinois","Will",2023,273,161,93,14,4,1,0,221,83,48,0,0,115,158,0
"Illinois","Winnebago",2023,273,162,91,17,2,1,0,218,93,47,0,0,134,139,0
"Indiana","Allen",2023,239,182,52,5,0,0,0,129,77,43,0,0,239,0,0
"Indiana","Bartholomew",2023,267,196,63,7,1,0,0,194,71,44,0,0,176,91,0
"Indiana","Boone",2023,241,191,41,8,1,0,0,185,67,41,0,0,241,0,0
"Indiana","Brown",2023,234,200,32,2,0,0,0,126,58,40,0,0,234,0,0
"Indiana","Carroll",2023,237,197,35,5,0,0,0,122,61,40,0,0,237,0,0
"Indiana","Clark",2023,243,138,94,10,1,0,0,174,83,48,0,0,121,122,0
"Indiana","Delaware",2023,271,213,53,5,0,0,0,121,66,42,0,0,253,18,0
"Indiana","Dubois",2023,117,88,28,1,0,0,0,130,64,34,0,0,0,114,3
"Indiana","Elkhart",2023,273,199,67,5,2,0,0,182,68,42,0,0,198,75,0
"Indiana","Floyd",2023,228,164,57,6,1,0,0,177,77,44,0,0,174,54,0
"Indiana","Greene",2023,243,166,66,9,2,0,0,195,74,44,0,0,179,64,0
"Indiana","Hamilton",2023,243,160,73,8,2,0,0,180,74,44,0,0,169,74,0
"Indiana","Hendricks",2023,238,210,24,4,0,0,0,119,54,40,0,0,238,0,0
"Indiana","Henry",2023,226,163,53,8,2,0,0,181,65,38,0,0,0,226,0
"Indiana","Howard",2023,243,160,71,10,2,0,0,186,74,44,0,0,174,69,0
"Indiana","Knox",2023,212,165,39,8,0,0,0,126,67,43,0,0,212,0,0
"Indiana","LaPorte",2023,243,181,50,12,0,0,0,133,80,41,0,0,219,24,0
"Indiana","Lake",2023,273,139,116,16,2,0,0,195,85,50,0,1,106,164,2
"Indiana","Madison",2023,243,150,81,10,1,1,0,205,77,46,0,0,146,97,0
"Indiana","Marion",2023,244,87,140,13,3,1,0,234,93,57,1,0,82,159,2
"Indiana","Monroe",2023,273,222,46,3,1,1,0,205,58,32,0,0,0,273,0
"Indiana","Perry",2023,239,204,33,2,0,0,0,112,54,40,0,0,239,0,0
"Indiana","Porter",2023,243,149,73,19,2,0,0,172,90,45,0,0,156,81,6
"Indiana","Posey",2023,238,194,37,7,0,0,0,126,67,41,0,0,238,0,0
"Indiana","Shelby",2023,241,199,38,4,0,0,0,147,64,41,0,0,241,0,0
"Indiana","Spencer",2023,69,57,12,0,0,0,0,84,55,34,0,0,0,69,0
"Indiana","St. Joseph",2023,272,163,96,10,3,0,0,198,77,46,0,29,138,105,0
"Indiana","Tippecanoe",2023,231,183,42,4,2,0,0,190,59,34,0,0,0,231,0
"Indiana","Vanderburgh",2023,273,174,91,7,1,0,0,172,74,46,0,0,139,133,1
"Indiana","Vigo",2023,243,148,87,6,1,1,0,207,72,45,0,0,152,91,0
"Indiana","Wabash",2023,211,167,41,3,0,0,0,126,67,41,0,0,211,0,0
"Indiana","Warrick",2023,243,195,41,7,0,0,0,133,71,41,0,0,243,0,0
"Indiana","Whitley",2023,241,160,74,4,3,0,0,199,67,40,0,0,0,241,0
"Iowa","Black Hawk",2023,269,166,96,4,3,0,0,177,66,45,0,0,0,269,0
"Iowa","Bremer",2023,205,151,44,9,1,0,0,151,80,43,0,0,205,0,0
"Iowa","Cerro Gordo",2023,60,58,2,0,0,0,0,56,41,19,0,0,0,0,60
"Iowa","Clinton",2023,273,143,113,13,3,1,0,210,87,50,0,0,126,147,0
"Iowa","Harrison",2023,208,135,57,16,0,0,0,140,97,44,0,0,208,0,0
"Iowa","Johnson",2023,273,165,102,2,4,0,0,192,67,45,0,0,0,273,0
"Iowa","Lee",2023,60,47,13,0,0,0,0,97,60,35,0,0,0,60,0
"Iowa","Linn",2023,273,133,122,14,4,0,0,190,84,51,0,0,122,151,0
"Iowa","Montgomery",2023,272,181,84,7,0,0,0,147,72,44,0,0,159,113,0
"Iowa","Muscatine",2023,273,187,82,1,3,0,0,190,64,40,0,0,0,272,1
"Iowa","Palo Alto",2023,273,170,85,14,4,0,0,158,85,44,0,0,155,118,0
"Iowa","Polk",2023,273,162,96,12,3,0,0,162,77,45,0,1,126,146,0
"Iowa","Pottawattamie",2023,82,58,24,0,0,0,0,97,61,38,0,0,0,78,4
"Iowa","Scott",2023,274,147,104,19,4,0,0,197,87,50,1,0,140,109,24
"Iowa","Van Buren",2023,271,181,83,5,2,0,0,169,66,44,0,0,138,133,0
"Iowa","Woodbury",2023,78,54,23,0,1,0,0,164,59,35,0,0,0,78,0
"Kansas","Ford",2023,180,165,14,1,0,0,0,147,48,15,0,0,0,0,180
"Kansas","Johnson",2023,181,113,63,4,1,0,0,164,74,45,0,0,111,70,0
"Kansas","Leavenworth",2023,180,132,39,9,0,0,0,129,80,42,0,0,180,0,0
"Kansas","Neosho",2023,181,75,105,0,1,0,0,158,74,53,0,0,59,121,1
"Kansas","Sedgwick",2023,181,105,74,2,0,0,0,126,71,48,0,0,120,61,0
"Kansas","Shawnee",2023,179,111,62,6,0,0,0,129,72,45,0,0,122,57,0
"Kansas","Sherman",2023,150,146,4,0,0,0,0,78,30,11,0,0,0,0,150
"Kansas","Sumner",2023,181,120,59,2,0,0,0,112,67,46,0,0,107,73,1
"Kansas","Trego",2023,181,117,63,1,0,0,0,101,67,44,0,15,94,69,3
"Kansas","Wyandotte",2023,181,116,53,11,1,0,0,166,87,46,0,12,114,54,1
"Kentucky","Bell",2023,181,122,57,2,0,0,0,131,68,45,0,0,75,106,0
"Kentucky","Boone",2023,122,87,31,4,0,0,0,133,74,46,0,0,122,0,0
"Kentucky","Boyd",2023,186,139,44,1,2,0,0,157,68,44,0,3,91,86,6
"Kentucky","Bullitt",2023,120,87,27,6,0,0,0,126,90,44,0,0,120,0,0
"Kentucky","Campbell",2023,189,142,42,3,2,0,0,178,71,42,0,0,84,105,0
"Kentucky","Carter",2023,186,149,35,1,1,0,0,153,67,39,0,0,89,92,5
"Kentucky","Christian",2023,181,132,45,4,0,0,0,115,62,43,0,0,90,91,0
"Kentucky","Daviess",2023,181,115,58,7,1,0,0,165,79,44,0,2,89,90,0
"Kentucky","Edmonson",2023,242,212,26,4,0,0,0,115,58,40,5,0,237,0,0
"Kentucky","Fayette",2023,187,139,46,1,1,0,0,163,74,43,0,4,87,90,6
"Kentucky","Greenup",2023,118,103,15,0,0,0,0,84,54,44,0,0,118,0,0
"Kentucky","Hancock",2023,122,87,29,6,0,0,0,140,74,44,0,0,122,0,0
"Kentucky","Hardin",2023,186,131,52,2,1,0,0,151,79,43,0,0,89,97,0
"Kentucky","Jefferson",2023,182,88,84,9,1,0,0,166,90,51,1,3,86,91,1
"Kentucky","Jessamine",2023,122,97,23,2,0,0,0,122,67,44,0,0,122,0,0
"Kentucky","Livingston",2023,122,83,34,5,0,0,0,126,84,44,0,0,122,0,0
"Kentucky","McCracken",2023,171,117,48,6,0,0,0,126,76,43,0,3,92,76,0
"Kentucky","Morgan",2023,212,189,23,0,0,0,0,93,51,41,0,0,212,0,0
"Kentucky","Oldham",2023,122,93,28,1,0,0,0,105,71,44,0,0,122,0,0
"Kentucky","Perry",2023,181,140,38,3,0,0,0,137,65,40,0,0,41,140,0
"Kentucky","Pike",2023,180,149,29,2,0,0,0,127,61,38,0,0,87,93,0
"Kentucky","Pulaski",2023,179,137,40,2,0,0,0,120,62,41,0,0,84,95,0
"Kentucky","Simpson",2023,121,90,24,7,0,0,0,122,74,44,0,0,121,0,0
"Kentucky","Warren",2023,181,131,48,1,1,0,0,154,65,42,0,0,81,100,0
"Kentucky","Washington",2023,207,170,35,2,0,0,0,108,58,42,0,0,207,0,0
"Louisiana","Ascension",2023,271,224,44,2,1,0,0,154,61,35,0,9,262,0,0
"Louisiana","Bossier",2023,268,172,95,1,0,0,0,114,66,45,0,0,86,180,2
"Louisiana","Caddo",2023,263,214,49,0,0,0,0,100,61,40,0,0,236,27,0
"Louisiana","Calcasieu",2023,273,148,121,4,0,0,0,133,72,48,0,0,141,131,1
"Louisiana","East Baton Rouge",2023,274,177,89,8,0,0,0,147,71,46,1,1,149,123,0
"Louisiana","Iberville",2023,273,198,62,12,1,0,0,154,90,41,0,0,261,12,0
"Louisiana","Jefferson",2023,271,181,86,4,0,0,0,126,71,46,0,0,170,101,0
"Louisiana","Lafayette",2023,273,212,60,1,0,0,0,112,64,41,0,0,208,58,7
"Louisiana","Lafourche",2023,273,169,103,1,0,0,0,101,68,46,0,0,108,165,0
"Louisiana","Livingston",2023,272,152,115,5,0,0,0,133,68,49,0,0,124,148,0
"Louisiana","Orleans",2023,274,237,37,0,0,0,0,87,53,32,4,49,0,201,20
"Louisiana","Ouachita",2023,266,222,44,0,0,0,0,100,57,38,0,0,252,14,0
"Louisiana","Pointe Coupee",2023,270,241,27,2,0,0,0,112,51,37,0,0,270,0,0
"Louisiana","Rapides",2023,59,44,15,0,0,0,0,77,56,30,0,0,0,59,0
"Louisiana","St. Bernard",2023,273,168,103,2,0,0,0,119,64,47,0,0,146,126,1
"Louisiana","St. James",2023,262,226,34,2,0,0,0,115,58,35,0,0,262,0,0
"Louisiana","St. John the Baptist",2023,266,228,34,4,0,0,0,112,61,36,0,0,266,0,0
"Louisiana","St. Martin",2023,272,229,42,1,0,0,0,112,54,38,0,0,272,0,0
"Louisiana","St. Tammany",2023,273,214,58,1,0,0,0,105,61,40,0,0,193,80,0
"Louisiana","Tangipahoa",2023,63,57,6,0,0,0,0,67,48,30,0,0,0,63,0
"Louisiana","Terrebonne",2023,55,53,2,0,0,0,0,60,42,28,0,0,0,55,0
"Louisiana","West Baton Rouge",2023,270,185,76,9,0,0,0,140,67,44,0,1,141,128,0
"Maine","Androscoggin",2023,271,247,24,0,0,0,0,74,49,36,0,0,171,100,0
"Maine","Aroostook",2023,273,223,47,3,0,0,0,142,58,35,0,0,109,143,21
"Maine","Cumberland",2023,273,224,49,0,0,0,0,94,59,39,0,8,181,77,7
"Maine","Hancock",2023,274,235,39,0,0,0,0,93,56,41,1,0,255,18,0
"Maine","Kennebec",2023,206,183,23,0,0,0,0,91,53,36,0,0,150,53,3
"Maine","Knox",2023,213,208,5,0,0,0,0,87,45,36,0,0,213,0,0
"Maine","Oxford",2023,273,248,25,0,0,0,0,81,50,37,0,0,178,95,0
"Maine","Penobscot",2023,270,245,25,0,0,0,0,88,50,36,0,0,177,91,2
"Maine","Sagadahoc",2023,197,183,14,0,0,0,0,100,49,39,0,0,197,0,0
"Maine","Washington",2023,272,267,5,0,0,0,0,74,45,35,0,0,271,1,0
"Maine","York",2023,238,214,24,0,0,0,0,84,51,40,0,0,238,0,0
"Maryland","Anne Arundel",2023,222,184,36,2,0,0,0,150,61,42,0,0,213,0,9
"Maryland","Baltimore",2023,273,203,61,5,3,1,0,205,74,43,0,28,169,76,0
"Maryland","Baltimore (City)",2023,212,145,60,4,3,0,0,181,80,45,0,32,130,50,0
"Maryland","Calvert",2023,122,97,24,1,0,0,0,101,64,44,0,0,122,0,0
"Maryland","Carroll",2023,121,85,33,3,0,0,0,143,80,46,0,0,121,0,0
"Maryland","Cecil",2023,273,199,68,2,4,0,0,180,64,44,0,0,185,88,0
"Maryland","Charles",2023,120,85,33,2,0,0,0,115,77,46,0,0,120,0,0
"Maryland","Dorchester",2023,212,168,38,3,3,0,0,171,61,43,0,0,186,26,0
"Maryland","Frederick",2023,111,76,30,5,0,0,0,136,80,46,0,0,111,0,0
"Maryland","Garrett",2023,266,217,47,0,2,0,0,165,61,41,3,0,236,27,0
"Maryland","Harford",2023,273,194,69,7,3,0,0,187,77,45,0,0,190,83,0
"Maryland","Howard",2023,272,231,37,1,3,0,0,178,54,31,0,60,0,212,0
"Maryland","Kent",2023,181,141,34,3,3,0,0,186,66,43,0,0,106,75,0
"Maryland","Montgomery",2023,179,145,29,2,3,0,0,161,64,42,0,0,107,72,0
"Maryland","Prince George's",2023,273,204,58,8,3,0,0,181,77,44,0,1,239,33,0
"Maryland","Washington",2023,268,222,40,4,2,0,0,167,61,42,0,0,186,82,0
"Massachusetts","Barnstable",2023,173,160,11,2,0,0,0,140,49,40,0,0,173,0,0
"Massachusetts","Berkshire",2023,181,149,28,1,3,0,0,165,57,41,0,0,128,53,0
"Massachusetts","Bristol",2023,181,154,21,6,0,0,0,137,61,42,0,0,154,27,0
"Massachusetts","Dukes",2023,179,166,11,2,0,0,0,133,49,40,0,0,179,0,0
"Massachusetts","Essex",2023,181,147,33,1,0,0,0,105,55,42,0,0,113,68,0
"Massachusetts","Franklin",2023,181,150,28,3,0,0,0,137,55,39,0,0,121,60,0
"Massachusetts","Hampden",2023,181,147,29,3,2,0,0,153,61,42,0,4,108,69,0
"Massachusetts","Hampshire",2023,181,155,21,5,0,0,0,132,54,39,0,1,146,34,0
"Massachusetts","Middlesex",2023,181,163,17,1,0,0,0,101,50,39,0,4,141,36,0
"Massachusetts","Norfolk",2023,181,154,23,4,0,0,0,136,54,41,0,1,154,26,0
"Massachusetts","Plymouth",2023,181,158,20,3,0,0,0,114,53,40,0,0,141,40,0
"Massachusetts","Suffolk",2023,182,152,30,0,0,0,0,90,55,39,1,15,91,75,0
"Massachusetts","Worcester",2023,182,157,23,2,0,0,0,148,52,39,1,3,139,39,0
"Michigan","Allegan",2023,181,130,37,11,3,0,0,181,87,42,0,0,102,79,0
"Michigan","Bay",2023,181,136,39,3,3,0,0,181,60,35,0,0,0,181,0
"Michigan","Benzie",2023,119,96,21,1,1,0,0,156,77,41,0,0,119,0,0
"Michigan","Berrien",2023,122,84,29,9,0,0,0,143,93,44,0,0,122,0,0
"Michigan","Cass",2023,122,88,26,8,0,0,0,126,77,44,0,0,122,0,0
"Michigan","Clinton",2023,122,94,25,3,0,0,0,136,77,41,0,0,122,0,0
"Michigan","Genesee",2023,180,120,50,7,3,0,0,171,87,44,0,0,88,92,0
"Michigan","Huron",2023,122,105,15,2,0,0,0,112,61,40,0,0,122,0,0
"Michigan","Ingham",2023,179,126,44,6,3,0,0,183,85,42,0,3,128,48,0
"Michigan","Kalamazoo",2023,176,95,73,5,3,0,0,200,79,48,0,0,76,100,0
"Michigan","Kent",2023,182,120,52,7,3,0,0,197,90,44,2,5,116,59,0
"Michigan","Lenawee",2023,180,102,64,9,4,1,0,229,90,49,0,0,75,105,0
"Michigan","Macomb",2023,181,114,57,6,4,0,0,184,87,44,0,0,79,102,0
"Michigan","Manistee",2023,125,96,22,6,1,0,0,161,83,42,0,0,119,6,0
"Michigan","Mason",2023,119,91,27,1,0,0,0,143,77,42,0,0,119,0,0
"Michigan","Missaukee",2023,178,127,45,4,2,0,0,187,80,44,0,0,111,67,0
"Michigan","Monroe",2023,40,37,3,0,0,0,0,82,45,26,0,0,0,0,40
"Michigan","Muskegon",2023,121,89,25,7,0,0,0,147,90,42,0,0,121,0,0
"Michigan","Oakland",2023,135,97,29,8,1,0,0,164,84,43,0,0,108,27,0
"Michigan","Ottawa",2023,179,113,59,4,2,1,0,202,80,44,0,0,81,98,0
"Michigan","Schoolcraft",2023,178,149,23,4,2,0,0,173,71,39,0,0,111,67,0
"Michigan","St. Clair",2023,180,114,55,7,4,0,0,185,87,44,0,0,79,101,0
"Michigan","Tuscola",2023,210,176,28,5,1,0,0,154,74,39,0,0,210,0,0
"Michigan","Washtenaw",2023,212,125,74,9,4,0,0,196,87,46,0,0,124,88,0
"Michigan","Wayne",2023,182,54,106,15,7,0,0,200,110,58,1,5,34,139,3
"Michigan","Wexford",2023,211,174,34,3,0,0,0,105,71,40,0,0,211,0,0
"Minnesota","Anoka",2023,181,119,47,13,2,0,0,168,100,46,0,6,135,40,0
"Minnesota","Becker",2023,181,119,57,3,2,0,0,167,74,44,0,0,93,88,0
"Minnesota","Beltrami",2023,177,145,29,2,1,0,0,155,61,14,0,0,0,177,0
"Minnesota","Carlton",2023,178,144,31,2,1,0,0,155,67,39,0,0,93,85,0
"Minnesota","Cass",2023,176,153,21,2,0,0,0,144,55,23,0,0,0,176,0
"Minnesota","Cook",2023,168,157,10,1,0,0,0,120,33,6,0,0,0,168,0
"Minnesota","Crow Wing",2023,181,131,43,6,1,0,0,161,84,43,0,0,102,79,0
"Minnesota","Dakota",2023,182,124,49,6,3,0,0,176,74,39,1,23,0,158,0
"Minnesota","Goodhue",2023,116,79,32,5,0,0,0,133,97,47,0,0,116,0,0
"Minnesota","Hennepin",2023,182,111,56,12,3,0,0,178,96,45,1,10,76,90,5
"Minnesota","Lake",2023,181,156,23,2,0,0,0,114,59,39,0,0,72,109,0
"Minnesota","Lyon",2023,181,116,59,5,1,0,0,167,77,44,0,0,91,90,0
"Minnesota","Mille Lacs",2023,116,94,17,5,0,0,0,136,77,44,0,0,116,0,0
"Minnesota","Olmsted",2023,181,112,55,13,1,0,0,163,97,45,0,0,97,84,0
"Minnesota","Ramsey",2023,181,122,52,4,3,0,0,180,71,39,0,0,0,175,6
"Minnesota","Saint Louis",2023,242,189,48,4,1,0,0,154,74,40,0,4,183,51,4
"Minnesota","Scott",2023,181,112,53,11,5,0,0,172,97,46,0,0,98,83,0
"Minnesota","Stearns",2023,181,117,53,8,3,0,0,175,93,45,0,0,95,86,0
"Minnesota","Washington",2023,122,85,29,8,0,0,0,140,93,45,0,0,122,0,0
"Minnesota","Wright",2023,174,110,45,16,3,0,0,177,101,46,0,0,103,71,0
"Mississippi","Bolivar",2023,180,122,55,3,0,0,0,126,70,44,0,0,69,111,0
"Mississippi","DeSoto",2023,181,104,73,4,0,0,0,112,79,47,0,0,70,111,0
"Mississippi","Forrest",2023,181,129,52,0,0,0,0,93,61,40,0,0,0,181,0
"Mississippi","Hancock",2023,181,139,42,0,0,0,0,88,58,41,0,0,71,110,0
"Mississippi","Harrison",2023,181,132,47,2,0,0,0,105,62,43,0,0,69,112,0
"Mississippi","Hinds",2023,182,109,71,2,0,0,0,115,68,47,1,0,87,94,0
"Mississippi","Jackson",2023,180,139,39,2,0,0,0,108,61,42,0,0,78,102,0
"Mississippi","Lauderdale",2023,121,110,11,0,0,0,0,87,50,40,0,0,121,0,0
"Mississippi","Lee",2023,122,94,26,2,0,0,0,122,64,44,0,0,122,0,0
"Mississippi","Yalobusha",2023,203,193,9,1,0,0,0,119,48,37,0,0,203,0,0
"Missouri","Andrew",2023,91,39,46,6,0,0,0,122,97,54,0,0,91,0,0
"Missouri","Boone",2023,91,50,36,5,0,0,0,143,90,49,0,0,91,0,0
"Missouri","Buchanan",2023,148,102,46,0,0,0,0,85,59,41,0,0,0,126,22
"Missouri","Callaway",2023,91,52,34,5,0,0,0,133,90,49,0,0,91,0,0
"Missouri","Cass",2023,91,56,31,4,0,0,0,143,80,47,0,0,89,2,0
"Missouri","Cedar",2023,148,109,35,4,0,0,0,122,71,44,0,0,83,65,0
"Missouri","Clay",2023,136,73,50,13,0,0,0,140,100,49,0,0,89,47,0
"Missouri","Clinton",2023,91,38,43,10,0,0,0,133,101,54,0,0,91,0,0
"Missouri","Greene",2023,150,86,60,4,0,0,0,122,72,49,0,0,64,86,0
"Missouri","Jackson",2023,151,96,55,0,0,0,0,92,64,44,1,17,0,107,26
"Missouri","Jasper",2023,150,112,35,3,0,0,0,119,72,44,0,0,84,0,66
"Missouri","Jefferson",2023,150,94,41,13,2,0,0,185,101,46,0,0,81,68,1
"Missouri","Lincoln",2023,91,41,35,15,0,0,0,140,108,51,0,0,91,0,0
"Missouri","Monroe",2023,149,116,30,3,0,0,0,119,74,40,0,0,148,0,1
"Missouri","Perry",2023,91,43,37,11,0,0,0,150,101,51,0,0,91,0,0
"Missouri","Saint Charles",2023,91,36,40,15,0,0,0,147,115,54,0,0,91,0,0
"Missouri","Saint Louis",2023,156,104,36,14,2,0,0,166,101,43,0,52,89,15,0
"Missouri","Sainte Genevieve",2023,91,52,27,12,0,0,0,147,112,49,0,0,91,0,0
"Missouri","St. Louis City",2023,162,62,96,3,1,0,0,162,76,55,1,5,5,141,10
"Montana","Beaverhead",2023,177,174,1,2,0,0,0,124,20,8,0,0,0,177,0
"Montana","Cascade",2023,174,149,22,3,0,0,0,131,54,34,0,0,0,174,0
"Montana","Custer",2023,180,157,19,2,1,1,0,235,54,41,0,4,151,25,0
"Montana","Fergus",2023,180,165,13,2,0,0,0,106,50,42,0,1,168,11,0
"Montana","Flathead",2023,242,199,40,1,2,0,0,158,57,41,0,0,161,58,23
"Montana","Gallatin",2023,244,235,9,0,0,0,0,98,32,19,1,5,0,238,0
"Montana","Glacier",2023,170,161,5,4,0,0,0,116,32,8,0,0,0,170,0
"Montana","Hill",2023,30,25,5,0,0,0,0,67,64,23,0,0,0,30,0
"Montana","Lewis and Clark",2023,182,143,37,0,2,0,0,161,61,44,1,0,147,34,0
"Montana","Lincoln",2023,180,114,65,1,0,0,0,107,67,41,0,0,0,180,0
"Montana","Missoula",2023,180,121,56,3,0,0,0,117,69,44,0,0,95,85,0
"Montana","Phillips",2023,180,156,20,1,3,0,0,181,54,38,0,0,157,22,1
"Montana","Powder River",2023,180,147,27,5,1,0,0,184,67,44,0,1,153,23,3
"Montana","Ravalli",2023,178,171,6,1,0,0,0,110,39,14,0,0,0,178,0
"Montana","Richland",2023,180,149,29,1,1,0,0,197,66,42,0,0,162,18,0
"Montana","Sanders",2023,180,172,6,2,0,0,0,113,43,24,0,0,0,153,27
"Montana","Silver Bow",2023,181,148,31,2,0,0,0,124,59,20,0,0,0,136,45
"Montana","Yellowstone",2023,177,167,10,0,0,0,0,94,43,19,0,0,0,177,0
"Nebraska","Cass",2023,269,267,2,0,0,0,0,66,31,17,0,0,0,0,269
"Nebraska","Douglas",2023,274,161,89,22,2,0,0,169,100,46,1,0,211,62,0
"Nebraska","Gage",2023,261,228,30,2,1,0,0,160,54,27,0,0,0,261,0
"Nebraska","Hall",2023,265,225,37,0,3,0,0,179,55,29,0,0,0,265,0
"Nebraska","Knox",2023,193,137,42,13,1,0,0,151,90,44,0,0,193,0,0
"Nebraska","Lancaster",2023,140,92,46,2,0,0,0,108,71,44,0,0,116,24,0
"Nebraska","Sarpy",2023,244,198,44,1,1,0,0,152,57,32,0,0,0,244,0
"Nebraska","Scotts Bluff",2023,258,245,12,0,1,0,0,200,30,13,0,0,0,258,0
"Nebraska","Washington",2023,268,225,39,3,1,0,0,153,57,27,0,0,0,268,0
"Nevada","Carson City",2023,180,128,52,0,0,0,0,97,64,46,0,0,152,28,0
"Nevada","Churchill",2023,180,149,31,0,0,0,0,80,61,44,0,0,180,0,0
"Nevada","Clark",2023,244,79,140,24,1,0,0,197,101,64,1,2,208,26,7
"Nevada","Douglas",2023,176,163,13,0,0,0,0,70,46,18,0,0,0,176,0
"Nevada","Elko",2023,170,170,0,0,0,0,0,44,19,10,0,0,0,0,170
"Nevada","Lyon",2023,167,152,15,0,0,0,0,77,50,43,0,0,167,0,0
"Nevada","Nye",2023,181,167,9,5,0,0,0,147,42,17,0,0,0,0,181
"Nevada","Washoe",2023,182,102,80,0,0,0,0,90,71,49,1,6,148,27,0
"Nevada","White Pine",2023,238,171,67,0,0,0,0,93,67,47,0,0,238,0,0
"New Hampshire","Belknap",2023,181,168,13,0,0,0,0,87,48,38,0,0,112,69,0
"New Hampshire","Cheshire",2023,179,154,25,0,0,0,0,90,56,39,0,0,121,58,0
"New Hampshire","Coos",2023,181,153,26,2,0,0,0,136,61,44,0,0,181,0,0
"New Hampshire","Grafton",2023,181,171,10,0,0,0,0,80,48,39,0,0,151,30,0
"New Hampshire","Hillsborough",2023,182,154,25,3,0,0,0,112,58,42,3,0,172,7,0
"New Hampshire","Merrimack",2023,121,108,13,0,0,0,0,100,51,42,0,0,121,0,0
"New Hampshire","Rockingham",2023,182,159,23,0,0,0,0,100,54,41,1,0,163,18,0
"New Jersey","Atlantic",2023,181,155,21,3,2,0,0,195,54,34,0,0,122,59,0
"New Jersey","Bergen",2023,182,145,31,2,4,0,0,185,61,41,1,46,74,61,0
"New Jersey","Camden",2023,182,131,45,3,3,0,0,193,65,44,1,11,105,65,0
"New Jersey","Cumberland",2023,181,146,30,3,2,0,0,188,58,41,0,2,134,45,0
"New Jersey","Gloucester",2023,140,111,24,2,3,0,0,176,71,44,0,0,115,25,0
"New Jersey","Hudson",2023,181,143,34,0,4,0,0,188,59,42,0,56,68,57,0
"New Jersey","Hunterdon",2023,181,140,32,5,3,1,0,237,64,44,0,0,129,52,0
"New Jersey","Mercer",2023,209,149,50,5,4,1,0,220,71,44,0,0,146,63,0
"New Jersey","Middlesex",2023,181,137,35,4,4,1,0,222,64,42,0,7,126,48,0
"New Jersey","Monmouth",2023,122,105,17,0,0,0,0,100,61,41,0,0,122,0,0
"New Jersey","Morris",2023,180,155,19,4,2,0,0,154,64,40,0,6,162,12,0
"New Jersey","Ocean",2023,181,145,28,6,1,1,0,223,62,41,0,0,100,81,0
"New Jersey","Passaic",2023,169,142,19,4,4,0,0,186,58,41,0,0,95,74,0
"New Jersey","Union",2023,182,116,61,1,3,1,0,202,64,43,1,59,0,122,0
"New Jersey","Warren",2023,177,153,19,0,5,0,0,185,55,38,0,25,86,66,0
"New Mexico","Bernalillo",2023,182,43,130,4,4,1,0,207,87,67,1,5,96,17,63
"New Mexico","Dona Ana",2023,185,97,80,5,3,0,0,196,77,50,0,11,120,14,40
"New Mexico","Eddy",2023,228,100,117,11,0,0,0,143,93,54,0,1,227,0,0
"New Mexico","Lea",2023,180,119,58,3,0,0,0,133,77,45,0,0,152,28,0
"New Mexico","Luna",2023,174,161,11,1,1,0,0,157,44,19,0,0,0,0,174
"New Mexico","Rio Arriba",2023,169,145,24,0,0,0,0,71,54,44,0,0,169,0,0
"New Mexico","San Juan",2023,237,146,88,3,0,0,0,117,74,48,0,2,233,0,2
"New Mexico","Sandoval",2023,158,124,34,0,0,0,0,87,64,44,0,0,158,0,0
"New Mexico","Santa Fe",2023,180,136,44,0,0,0,0,84,67,45,0,0,163,17,0
"New Mexico","Taos",2023,177,176,1,0,0,0,0,53,33,17,0,0,0,177,0
"New Mexico","Valencia",2023,179,138,41,0,0,0,0,87,64,44,0,0,179,0,0
"New York","Albany",2023,266,212,47,4,3,0,0,177,61,39,0,0,154,112,0
"New York","Bronx",2023,244,168,67,5,3,1,0,228,71,43,1,27,121,95,0
"New York","Chautauqua",2023,241,207,30,4,0,0,0,133,61,40,0,0,230,11,0
"New York","Dutchess",2023,225,212,12,1,0,0,0,108,49,36,0,0,225,0,0
"New York","Erie",2023,273,181,84,5,3,0,0,169,74,42,0,6,129,138,0
"New York","Essex",2023,266,213,43,8,2,0,0,159,65,44,0,0,221,45,0
"New York","Hamilton",2023,233,216,17,0,0,0,0,90,49,38,0,0,233,0,0
"New York","Jefferson",2023,241,224,16,1,0,0,0,101,47,36,0,0,241,0,0
"New York","Kings",2023,269,201,63,1,3,1,0,224,60,35,0,0,0,269,0
"New York","Monroe",2023,273,205,60,3,5,0,0,170,65,40,0,0,134,139,0
"New York","Nassau",2023,273,238,31,1,3,0,0,185,53,23,0,0,0,273,0
"New York","New York",2023,273,208,57,4,4,0,0,191,61,42,0,0,144,129,0
"New York","Niagara",2023,236,215,21,0,0,0,0,97,49,37,0,0,236,0,0
"New York","Oneida",2023,259,230,23,3,3,0,0,180,54,25,0,0,0,259,0
"New York","Onondaga",2023,264,225,31,4,3,1,0,233,66,39,0,0,164,100,0
"New York","Orange",2023,264,233,25,3,3,0,0,176,53,25,0,0,0,264,0
"New York","Oswego",2023,234,219,14,1,0,0,0,105,46,37,0,0,234,0,0
"New York","Putnam",2023,238,223,12,3,0,0,0,140,46,35,0,0,238,0,0
"New York","Queens",2023,273,186,76,6,4,1,0,254,75,44,0,27,123,123,0
"New York","Richmond",2023,272,221,43,3,4,1,0,202,61,40,0,0,153,119,0
"New York","Rockland",2023,271,232,30,6,3,0,0,185,56,38,0,0,189,82,0
"New York","Saratoga",2023,243,230,12,1,0,0,0,122,46,34,0,0,243,0,0
"New York","Steuben",2023,267,225,34,3,4,1,0,231,66,39,1,0,194,72,0
"New York","Suffolk",2023,244,194,37,11,2,0,0,184,71,43,1,0,195,48,0
"New York","Tompkins",2023,211,188,23,0,0,0,0,100,51,39,0,0,211,0,0
"New York","Wayne",2023,232,212,17,3,0,0,0,112,49,37,0,0,232,0,0
"New York","Westchester",2023,271,234,30,4,3,0,0,185,56,38,0,0,191,80,0
"North Carolina","Alexander",2023,242,215,26,1,0,0,0,105,51,38,0,0,183,0,59
"North Carolina","Avery",2023,183,158,25,0,0,0,0,97,54,42,0,0,183,0,0
"North Carolina","Buncombe",2023,243,210,33,0,0,0,0,94,54,39,0,0,157,86,0
"North Carolina","Caldwell",2023,184,159,25,0,0,0,0,97,54,42,0,0,184,0,0
"North Carolina","Carteret",2023,210,178,30,2,0,0,0,105,61,43,0,0,210,0,0
"North Carolina","Caswell",2023,242,217,25,0,0,0,0,97,51,40,0,0,183,0,59
"North Carolina","Catawba",2023,232,178,51,3,0,0,0,115,59,36,0,0,0,232,0
"North Carolina","Cumberland",2023,243,166,76,1,0,0,0,129,67,45,0,0,133,110,0
"North Carolina","Davidson",2023,178,126,51,1,0,0,0,126,60,38,0,0,0,178,0
"North Carolina","Durham",2023,243,197,43,3,0,0,0,121,64,42,0,0,149,94,0
"North Carolina","Edgecombe",2023,235,195,40,0,0,0,0,99,59,42,0,0,136,99,0
"North Carolina","Forsyth",2023,212,123,82,6,1,0,0,153,74,47,0,5,100,107,0
"North Carolina","Graham",2023,182,129,48,5,0,0,0,115,71,47,0,0,182,0,0
"North Carolina","Granville",2023,183,147,35,1,0,0,0,105,64,44,0,0,183,0,0
"North Carolina","Guilford",2023,243,176,65,2,0,0,0,131,69,44,0,0,146,97,0
"North Carolina","Haywood",2023,184,114,65,5,0,0,0,112,77,48,0,0,184,0,0
"North Carolina","Johnston",2023,243,191,51,1,0,0,0,115,58,42,0,0,134,109,0
"North Carolina","Lenoir",2023,183,152,30,1,0,0,0,105,58,44,0,0,183,0,0
"North Carolina","Lincoln",2023,183,146,37,0,0,0,0,97,64,44,0,0,183,0,0
"North Carolina","Macon",2023,208,189,19,0,0,0,0,93,49,38,0,0,208,0,0
"North Carolina","Martin",2023,183,169,14,0,0,0,0,77,48,39,0,0,183,0,0
"North Carolina","Mecklenburg",2023,274,173,95,6,0,0,0,150,74,47,1,1,193,79,0
"North Carolina","Mitchell",2023,240,212,27,1,0,0,0,104,53,27,0,0,0,240,0
"North Carolina","Montgomery",2023,206,150,54,2,0,0,0,134,67,44,0,0,120,86,0
"North Carolina","New Hanover",2023,239,199,39,1,0,0,0,136,58,40,0,0,142,97,0
"North Carolina","Northampton",2023,243,192,50,1,0,0,0,134,57,33,0,0,0,243,0
"North Carolina","Person",2023,183,160,22,1,0,0,0,101,58,43,0,0,183,0,0
"North Carolina","Pitt",2023,243,200,41,2,0,0,0,118,58,42,0,0,125,118,0
"North Carolina","Rockingham",2023,184,153,30,1,0,0,0,108,64,44,0,0,184,0,0
"North Carolina","Rowan",2023,242,171,68,3,0,0,0,122,69,45,0,0,158,84,0
"North Carolina","Swain",2023,243,201,41,1,0,0,0,108,58,39,0,0,137,106,0
"North Carolina","Union",2023,184,142,41,1,0,0,0,101,71,44,0,0,184,0,0
"North Carolina","Wake",2023,244,169,70,5,0,0,0,130,64,45,1,2,131,110,0
"North Carolina","Yancey",2023,179,123,55,1,0,0,0,101,71,47,0,0,179,0,0
"North Dakota","Billings",2023,212,172,32,6,1,1,0,201,67,42,0,0,173,39,0
"North Dakota","Burke",2023,208,134,64,8,1,1,0,262,80,44,0,0,150,58,0
"North Dakota","Burleigh",2023,229,151,64,11,2,1,0,247,83,39,0,13,108,108,0
"North Dakota","Cass",2023,205,105,92,6,2,0,0,169,85,49,0,2,107,96,0
"North Dakota","Dunn",2023,212,160,43,6,2,1,0,284,65,42,0,0,175,37,0
"North Dakota","McKenzie",2023,211,172,31,5,2,1,0,273,61,41,0,0,168,43,0
"North Dakota","Mercer",2023,212,161,44,5,1,1,0,286,70,41,0,0,167,45,0
"North Dakota","Oliver",2023,212,153,50,6,2,1,0,286,74,44,0,0,173,39,0
"North Dakota","Ward",2023,212,149,53,8,1,1,0,254,80,43,0,0,173,39,0
"Ohio","Allen",2023,243,175,60,5,3,0,0,183,77,43,0,0,151,92,0
"Ohio","Ashtabula",2023,184,149,33,2,0,0,0,147,71,43,0,0,184,0,0
"Ohio","Athens",2023,122,104,17,0,1,0,0,156,55,28,0,0,0,122,0
"Ohio","Belmont",2023,232,208,23,0,1,0,0,173,51,21,0,111,0,114,7
"Ohio","Butler",2023,243,112,116,11,4,0,0,185,84,51,0,0,104,133,6
"Ohio","Clark",2023,243,152,83,5,3,0,0,184,77,46,0,0,111,132,0
"Ohio","Clermont",2023,238,181,52,4,1,0,0,169,74,42,0,0,151,87,0
"Ohio","Clinton",2023,182,140,38,4,0,0,0,129,74,44,0,0,182,0,0
"Ohio","Columbiana",2023,41,40,1,0,0,0,0,74,26,11,0,0,0,0,41
"Ohio","Cuyahoga",2023,244,111,120,9,3,1,0,209,89,52,3,1,104,133,3
"Ohio","Delaware",2023,184,151,32,1,0,0,0,108,61,42,0,0,184,0,0
"Ohio","Franklin",2023,244,135,98,7,4,0,0,192,80,48,1,4,119,119,1
"Ohio","Geauga",2023,184,151,32,1,0,0,0,129,64,43,0,0,184,0,0
"Ohio","Greene",2023,183,129,50,4,0,0,0,126,74,45,0,0,183,0,0
"Ohio","Hamilton",2023,244,115,110,17,2,0,0,182,84,51,1,10,126,106,1
"Ohio","Jefferson",2023,243,138,101,2,1,1,0,204,77,48,0,0,118,125,0
"Ohio","Knox",2023,184,141,42,1,0,0,0,105,64,44,0,0,184,0,0
"Ohio","Lake",2023,243,167,66,7,3,0,0,165,85,44,0,0,158,85,0
"Ohio","Lawrence",2023,243,176,61,4,2,0,0,157,65,44,0,0,120,123,0
"Ohio","Licking",2023,184,149,35,0,0,0,0,97,67,44,0,0,184,0,0
"Ohio","Lorain",2023,182,161,21,0,0,0,0,90,54,39,0,0,182,0,0
"Ohio","Lucas",2023,243,164,64,13,2,0,0,179,87,44,0,0,138,105,0
"Ohio","Madison",2023,184,142,40,2,0,0,0,105,67,44,0,0,184,0,0
"Ohio","Mahoning",2023,243,145,92,3,2,1,0,202,77,46,0,0,124,117,2
"Ohio","Medina",2023,241,160,71,7,2,1,0,260,74,44,0,0,131,110,0
"Ohio","Miami",2023,183,135,45,3,0,0,0,112,71,44,0,0,183,0,0
"Ohio","Montgomery",2023,241,134,96,8,3,0,0,184,80,48,0,0,122,118,1
"Ohio","Noble",2023,199,171,27,1,0,0,0,112,61,41,0,0,199,0,0
"Ohio","Portage",2023,180,121,56,2,1,0,0,159,77,45,0,0,180,0,0
"Ohio","Preble",2023,240,157,74,6,3,0,0,189,74,44,0,0,138,101,1
"Ohio","Scioto",2023,243,184,53,4,2,0,0,166,66,35,0,0,0,197,46
"Ohio","Stark",2023,243,126,107,7,2,1,0,258,82,49,0,0,116,127,0
"Ohio","Summit",2023,243,155,80,5,2,1,0,205,77,45,0,0,154,89,0
"Ohio","Trumbull",2023,242,147,87,5,3,0,0,197,77,45,0,0,121,121,0
"Ohio","Warren",2023,243,156,80,5,2,0,0,174,80,45,0,0,144,99,0
"Ohio","Washington",2023,177,151,26,0,0,0,0,100,54,42,0,0,177,0,0
"Ohio","Wood",2023,180,140,36,4,0,0,0,126,71,42,0,0,180,0,0
"Oklahoma","Adair",2023,182,122,60,0,0,0,0,100,61,44,1,0,106,73,2
"Oklahoma","Canadian",2023,188,125,58,5,0,0,0,133,77,47,0,0,188,0,0
"Oklahoma","Carter",2023,226,125,93,8,0,0,0,136,87,49,0,0,161,65,0
"Oklahoma","Cleveland",2023,242,137,102,3,0,0,0,143,74,48,0,0,130,112,0
"Oklahoma","Comanche",2023,233,149,81,3,0,0,0,126,71,45,0,0,141,92,0
"Oklahoma","Creek",2023,158,121,35,2,0,0,0,112,67,45,0,0,158,0,0
"Oklahoma","Dewey",2023,243,160,83,0,0,0,0,100,71,46,0,0,144,99,0
"Oklahoma","Jefferson",2023,150,86,59,5,0,0,0,133,77,49,0,0,150,0,0
"Oklahoma","Johnston",2023,152,99,50,2,1,0,0,161,84,48,0,0,152,0,0
"Oklahoma","Kay",2023,216,158,58,0,0,0,0,95,59,37,0,0,0,216,0
"Oklahoma","Mayes",2023,120,104,14,2,0,0,0,129,58,43,0,0,120,0,0
"Oklahoma","McClain",2023,160,81,72,7,0,0,0,143,87,50,0,0,160,0,0
"Oklahoma","Nowata",2023,234,105,127,2,0,0,0,105,75,52,0,0,112,122,0
"Oklahoma","Oklahoma",2023,244,126,113,5,0,0,0,136,74,50,1,8,129,101,5
"Oklahoma","Osage",2023,174,125,43,6,0,0,0,147,74,45,0,0,174,0,0
"Oklahoma","Ottawa",2023,118,90,24,4,0,0,0,122,74,45,0,0,118,0,0
"Oklahoma","Pittsburg",2023,241,162,74,5,0,0,0,119,67,45,0,0,128,113,0
"Oklahoma","Pontotoc",2023,181,148,33,0,0,0,0,93,56,39,0,0,154,22,5
"Oklahoma","Sequoyah",2023,205,158,47,0,0,0,0,84,61,41,0,2,77,126,0
"Oklahoma","Tulsa",2023,244,131,98,13,2,0,0,197,90,49,1,0,151,85,7
"Oregon","Baker",2023,210,205,5,0,0,0,0,62,34,20,0,0,0,210,0
"Oregon","Clackamas",2023,211,195,16,0,0,0,0,97,48,29,0,0,93,118,0
"Oregon","Columbia",2023,181,179,2,0,0,0,0,54,36,21,0,0,58,123,0
"Oregon","Crook",2023,181,175,6,0,0,0,0,59,40,21,0,0,0,181,0
"Oregon","Deschutes",2023,212,193,10,6,2,0,1,332,45,17,0,0,0,212,0
"Oregon","Grant",2023,181,131,49,1,0,0,0,110,59,31,0,0,0,181,0
"Oregon","Harney",2023,212,164,47,1,0,0,0,117,56,30,0,0,0,212,0
"Oregon","Jackson",2023,212,182,30,0,0,0,0,76,54,34,0,0,65,147,0
"Oregon","Jefferson",2023,181,163,18,0,0,0,0,77,48,19,0,0,0,181,0
"Oregon","Josephine",2023,212,173,34,3,2,0,0,158,64,28,0,0,0,212,0
"Oregon","Klamath",2023,211,173,38,0,0,0,0,80,56,23,0,0,0,211,0
"Oregon","Lake",2023,181,166,15,0,0,0,0,95,43,16,0,0,0,179,2
"Oregon","Lane",2023,273,201,59,6,7,0,0,192,72,38,0,0,99,174,0
"Oregon","Linn",2023,212,199,13,0,0,0,0,84,44,20,0,0,0,212,0
"Oregon","Marion",2023,181,160,19,2,0,0,0,124,52,30,0,0,63,118,0
"Oregon","Multnomah",2023,182,162,20,0,0,0,0,77,51,34,1,3,126,52,0
"Oregon","Umatilla",2023,212,186,26,0,0,0,0,87,54,35,0,0,98,114,0
"Oregon","Union",2023,181,179,2,0,0,0,0,72,28,16,0,0,0,177,4
"Oregon","Wallowa",2023,212,207,5,0,0,0,0,65,33,18,0,0,0,212,0
"Oregon","Wasco",2023,105,104,1,0,0,0,0,61,28,17,0,0,0,105,0
"Oregon","Washington",2023,212,196,15,1,0,0,0,106,47,31,0,5,130,77,0
"Pennsylvania","Adams",2023,244,166,69,5,3,1,0,216,80,45,25,7,141,71,0
"Pennsylvania","Allegheny",2023,182,79,90,11,1,1,0,212,93,54,1,0,65,116,0
"Pennsylvania","Armstrong",2023,183,128,49,3,3,0,0,192,77,44,0,0,92,91,0
"Pennsylvania","Beaver",2023,243,151,83,7,1,1,0,211,81,44,0,18,70,110,45
"Pennsylvania","Berks",2023,182,111,62,4,3,2,0,263,77,47,0,0,94,88,0
"Pennsylvania","Blair",2023,177,122,49,1,5,0,0,193,77,44,0,0,83,94,0
"Pennsylvania","Bradford",2023,112,96,15,1,0,0,0,108,58,42,0,0,112,0,0
"Pennsylvania","Bucks",2023,116,90,24,1,1,0,0,200,77,44,0,0,116,0,0
"Pennsylvania","Cambria",2023,244,188,53,0,3,0,0,187,64,38,2,42,70,107,23
"Pennsylvania","Centre",2023,234,173,53,3,5,0,0,187,76,44,0,22,158,54,0
"Pennsylvania","Chester",2023,180,124,49,3,3,1,0,223,72,42,0,0,79,101,0
"Pennsylvania","Cumberland",2023,183,127,49,3,4,0,0,199,67,39,0,0,0,183,0
"Pennsylvania","Dauphin",2023,208,129,69,5,3,2,0,230,79,45,0,0,80,103,25
"Pennsylvania","Delaware",2023,238,173,58,3,3,1,0,246,68,41,0,59,68,111,0
"Pennsylvania","Elk",2023,211,191,20,0,0,0,0,100,50,40,0,0,211,0,0
"Pennsylvania","Erie",2023,244,196,40,6,2,0,0,173,59,35,2,24,68,106,44
"Pennsylvania","Fayette",2023,120,82,36,2,0,0,0,129,71,46,0,0,120,0,0
"Pennsylvania","Franklin",2023,120,91,27,2,0,0,0,133,80,45,0,0,120,0,0
"Pennsylvania","Greene",2023,120,82,36,2,0,0,0,108,77,47,0,0,120,0,0
"Pennsylvania","Indiana",2023,183,136,40,4,3,0,0,197,72,43,0,0,73,110,0
"Pennsylvania","Lackawanna",2023,244,197,39,3,4,1,0,268,60,38,1,62,93,75,13
"Pennsylvania","Lancaster",2023,183,57,113,8,3,2,0,285,93,59,0,0,37,146,0
"Pennsylvania","Lawrence",2023,96,85,10,1,0,0,0,119,54,41,0,0,96,0,0
"Pennsylvania","Lebanon",2023,183,115,59,4,3,2,0,240,77,44,0,0,83,100,0
"Pennsylvania","Lehigh",2023,182,133,42,2,4,1,0,293,63,41,0,0,75,107,0
"Pennsylvania","Lycoming",2023,111,86,22,3,0,0,0,119,74,44,0,0,111,0,0
"Pennsylvania","Mercer",2023,212,158,50,2,2,0,0,184,67,43,0,0,161,51,0
"Pennsylvania","Monroe",2023,120,100,17,3,0,0,0,126,61,43,0,0,120,0,0
"Pennsylvania","Montgomery",2023,183,133,45,0,3,2,0,260,65,41,0,0,78,105,0
"Pennsylvania","Northampton",2023,228,166,55,2,4,0,1,309,64,41,0,48,92,88,0
"Pennsylvania","Philadelphia",2023,182,83,91,3,3,2,0,290,82,52,1,5,65,111,0
"Pennsylvania","Somerset",2023,212,181,31,0,0,0,0,93,58,41,0,0,212,0,0
"Pennsylvania","Tioga",2023,120,99,21,0,0,0,0,100,74,44,0,0,120,0,0
"Pennsylvania","Washington",2023,243,157,77,6,3,0,0,193,78,46,0,60,76,107,0
"Pennsylvania","Westmoreland",2023,114,99,14,1,0,0,0,133,61,41,0,0,114,0,0
"Pennsylvania","York",2023,242,178,56,4,3,1,0,231,68,42,0,65,95,82,0
"Puerto Rico","Bayamon",2023,69,65,4,0,0,0,0,71,38,22,0,0,19,50,0
"Puerto Rico","Caguas",2023,111,109,1,1,0,0,0,105,24,10,28,35,0,48,0
"Puerto Rico","Catano",2023,111,94,17,0,0,0,0,97,55,35,0,0,0,71,40
"Puerto Rico","Fajardo",2023,52,48,4,0,0,0,0,58,42,22,0,0,0,44,8
"Puerto Rico","Guayama",2023,29,28,1,0,0,0,0,54,29,12,0,0,0,0,29
"Puerto Rico","Guaynabo",2023,62,57,5,0,0,0,0,71,48,23,0,0,0,56,6
"Puerto Rico","Mayagnez",2023,130,121,9,0,0,0,0,59,46,32,0,0,33,97,0
"Puerto Rico","Ponce",2023,182,101,78,3,0,0,0,116,70,46,22,0,0,2,158
"Rhode Island","Kent",2023,181,163,14,4,0,0,0,126,50,38,0,0,109,72,0
"Rhode Island","Providence",2023,192,165,24,3,0,0,0,122,54,41,1,4,127,60,0
"Rhode Island","Washington",2023,181,160,14,7,0,0,0,137,54,38,0,0,111,70,0
"South Carolina","Aiken",2023,237,214,23,0,0,0,0,80,50,40,0,0,237,0,0
"South Carolina","Anderson",2023,208,171,37,0,0,0,0,97,61,43,0,0,208,0,0
"South Carolina","Berkeley",2023,242,229,11,2,0,0,0,105,49,38,0,0,242,0,0
"South Carolina","Charleston",2023,273,213,60,0,0,0,0,92,60,39,0,30,93,148,2
"South Carolina","Chesterfield",2023,243,184,58,1,0,0,0,134,64,41,0,0,122,121,0
"South Carolina","Darlington",2023,203,170,33,0,0,0,0,93,58,43,0,0,203,0,0
"South Carolina","Edgefield",2023,273,202,71,0,0,0,0,96,61,41,0,0,142,131,0
"South Carolina","Florence",2023,243,179,63,1,0,0,0,104,60,39,0,0,0,243,0
"South Carolina","Greenville",2023,273,163,108,2,0,0,0,126,69,47,0,2,155,116,0
"South Carolina","Horry",2023,210,165,45,0,0,0,0,100,61,43,0,0,163,47,0
"South Carolina","Lexington",2023,149,128,21,0,0,0,0,75,53,30,0,0,0,139,10
"South Carolina","Richland",2023,244,169,71,4,0,0,0,123,66,45,1,0,140,103,0
"South Carolina","Spartanburg",2023,243,149,89,5,0,0,0,136,71,46,0,0,121,122,0
"South Carolina","York",2023,242,185,55,2,0,0,0,115,65,44,0,0,175,67,0
"South Dakota","Brookings",2023,181,134,43,3,1,0,0,155,74,44,0,0,163,15,3
"South Dakota","Brown",2023,181,161,17,2,1,0,0,162,52,23,0,0,0,144,37
"South Dakota","Clay",2023,181,125,45,10,1,0,0,167,90,43,0,0,133,48,0
"South Dakota","Codington",2023,179,120,49,9,1,0,0,160,87,44,0,0,138,34,7
"South Dakota","Custer",2023,181,155,25,1,0,0,0,108,55,44,0,0,172,4,5
"South Dakota","Hughes",2023,179,172,5,0,2,0,0,199,36,13,0,0,0,179,0
"South Dakota","Jackson",2023,181,139,39,1,1,1,0,208,71,44,0,0,168,13,0
"South Dakota","Meade",2023,180,152,27,1,0,0,0,101,54,42,0,0,177,0,3
"South Dakota","Minnehaha",2023,181,113,44,22,2,0,0,173,108,47,0,2,160,19,0
"South Dakota","Pennington",2023,181,132,46,2,1,0,0,166,69,35,0,9,0,80,92
"Tennessee","Anderson",2023,117,95,21,1,0,0,0,105,64,44,0,0,117,0,0
"Tennessee","Blount",2023,244,162,74,8,0,0,0,137,71,45,1,0,193,50,0
"Tennessee","Claiborne",2023,210,183,25,2,0,0,0,105,51,40,0,0,210,0,0
"Tennessee","Davidson",2023,182,104,75,3,0,0,0,133,74,47,1,13,74,94,0
"Tennessee","DeKalb",2023,207,189,18,0,0,0,0,90,49,38,0,0,207,0,0
"Tennessee","Dyer",2023,176,154,22,0,0,0,0,67,54,30,0,0,0,176,0
"Tennessee","Hamilton",2023,273,181,89,3,0,0,0,137,70,45,0,0,141,132,0
"Tennessee","Jefferson",2023,120,93,25,2,0,0,0,112,64,44,0,0,120,0,0
"Tennessee","Knox",2023,273,180,89,4,0,0,0,149,64,45,0,0,113,160,0
"Tennessee","Lawrence",2023,180,142,38,0,0,0,0,74,57,31,0,0,0,180,0
"Tennessee","Loudon",2023,181,138,43,0,0,0,0,97,67,41,0,0,97,84,0
"Tennessee","Madison",2023,175,140,35,0,0,0,0,72,57,32,0,0,0,175,0
"Tennessee","Maury",2023,174,143,31,0,0,0,0,75,55,30,0,0,0,174,0
"Tennessee","McMinn",2023,176,143,32,1,0,0,0,108,61,30,0,0,0,176,0
"Tennessee","Montgomery",2023,176,151,25,0,0,0,0,72,55,29,0,0,0,176,0
"Tennessee","Putnam",2023,172,143,28,1,0,0,0,109,54,29,0,0,0,172,0
"Tennessee","Roane",2023,176,149,26,1,0,0,0,104,55,30,0,0,0,176,0
"Tennessee","Sevier",2023,243,186,54,3,0,0,0,115,67,44,0,0,243,0,0
"Tennessee","Shelby",2023,182,119,56,7,0,0,0,140,77,45,1,0,122,59,0
"Tennessee","Sullivan",2023,181,137,43,1,0,0,0,118,64,42,0,0,102,79,0
"Tennessee","Sumner",2023,181,133,43,5,0,0,0,133,67,42,0,0,104,77,0
"Tennessee","Williamson",2023,121,85,34,2,0,0,0,122,74,45,0,0,121,0,0
"Tennessee","Wilson",2023,122,94,24,4,0,0,0,126,67,43,0,0,122,0,0
"Texas","Atascosa",2023,166,120,46,0,0,0,0,85,65,35,0,0,0,166,0
"Texas","Bell",2023,181,133,48,0,0,0,0,93,68,44,0,0,147,34,0
"Texas","Bexar",2023,182,108,72,1,0,1,0,279,78,46,1,1,108,72,0
"Texas","Bowie",2023,137,99,37,1,0,0,0,107,57,39,0,0,0,137,0
"Texas","Brazoria",2023,181,152,22,7,0,0,0,136,64,38,0,2,172,7,0
"Texas","Brazos",2023,164,129,35,0,0,0,0,76,55,30,0,0,0,164,0
"Texas","Brewster",2023,233,195,37,1,0,0,0,101,58,43,0,0,200,33,0
"Texas","Cameron",2023,181,80,96,5,0,0,0,141,85,54,0,0,55,126,0
"Texas","Collin",2023,172,139,30,3,0,0,0,126,67,40,0,0,172,0,0
"Texas","Dallas",2023,182,106,70,5,1,0,0,172,74,47,1,9,81,85,6
"Texas","Denton",2023,181,126,44,11,0,0,0,133,90,44,0,0,141,40,0
"Texas","Ector",2023,210,186,24,0,0,0,0,82,52,26,0,0,0,210,0
"Texas","El Paso",2023,182,52,122,7,1,0,0,154,85,60,1,9,70,101,1
"Texas","Ellis",2023,166,141,25,0,0,0,0,93,58,36,0,19,147,0,0
"Texas","Galveston",2023,178,113,57,8,0,0,0,133,67,47,0,1,99,78,0
"Texas","Gregg",2023,181,160,21,0,0,0,0,93,61,35,0,1,180,0,0
"Texas","Harris",2023,182,46,116,16,3,1,0,205,104,62,1,3,59,95,24
"Texas","Harrison",2023,176,135,40,1,0,0,0,111,59,41,0,1,102,73,0
"Texas","Hidalgo",2023,173,115,58,0,0,0,0,95,70,36,0,0,0,173,0
"Texas","Hood",2023,178,156,21,1,0,0,0,105,58,38,0,0,178,0,0
"Texas","Hunt",2023,181,170,10,1,0,0,0,119,48,37,0,7,174,0,0
"Texas","Jefferson",2023,181,109,69,3,0,0,0,122,70,47,0,0,96,85,0
"Texas","Johnson",2023,177,149,28,0,0,0,0,97,64,38,0,0,177,0,0
"Texas","Karnes",2023,178,178,0,0,0,0,0,29,16,6,0,178,0,0,0
"Texas","Kaufman",2023,181,131,47,2,1,0,0,157,63,43,0,0,139,42,0
"Texas","Kleberg",2023,195,119,76,0,0,0,0,88,66,41,0,0,0,195,0
"Texas","Lubbock",2023,212,198,13,0,1,0,0,158,45,19,0,0,0,212,0
"Texas","Maverick",2023,172,130,41,1,0,0,0,101,62,28,0,0,0,172,0
"Texas","McLennan",2023,182,106,75,1,0,0,0,114,71,45,1,0,89,92,0
"Texas","Montgomery",2023,181,103,73,5,0,0,0,122,74,46,0,0,107,74,0
"Texas","Navarro",2023,180,138,42,0,0,0,0,80,64,41,0,0,123,57,0
"Texas","Nueces",2023,212,122,89,1,0,0,0,101,71,47,0,0,93,119,0
"Texas","Orange",2023,181,140,40,1,0,0,0,101,60,40,0,1,112,68,0
"Texas","Parker",2023,179,156,22,1,0,0,0,115,54,39,0,0,179,0,0
"Texas","Polk",2023,207,195,12,0,0,0,0,90,49,37,0,0,207,0,0
"Texas","Potter",2023,212,198,12,2,0,0,0,125,43,18,0,0,0,212,0
"Texas","Randall",2023,211,151,59,1,0,0,0,112,74,46,0,0,211,0,0
"Texas","Rockwall",2023,177,172,5,0,0,0,0,97,44,33,0,0,177,0,0
"Texas","Smith",2023,181,152,27,2,0,0,0,119,61,39,0,3,178,0,0
"Texas","Tarrant",2023,182,86,87,9,0,0,0,143,87,51,1,4,76,101,0
"Texas","Travis",2023,182,101,78,3,0,0,0,122,72,48,1,0,82,99,0
"Texas","Victoria",2023,205,201,4,0,0,0,0,71,44,31,0,0,205,0,0
"Texas","Webb",2023,182,111,69,2,0,0,0,112,71,44,1,0,103,76,2
"Texas","Wilson",2023,124,124,0,0,0,0,0,36,14,6,0,124,0,0,0
"Utah","Box Elder",2023,176,155,21,0,0,0,0,67,51,41,0,34,142,0,0
"Utah","Cache",2023,273,171,94,4,4,0,0,187,74,48,0,0,219,54,0
"Utah","Carbon",2023,271,238,33,0,0,0,0,67,51,44,0,0,264,7,0
"Utah","Davis",2023,273,154,106,12,1,0,0,151,84,49,0,24,223,24,2
"Utah","Duchesne",2023,273,140,99,22,11,1,0,215,112,50,0,0,244,27,2
"Utah","Grand",2023,139,61,78,0,0,0,0,80,71,51,0,0,136,3,0
"Utah","Iron",2023,273,223,49,1,0,0,0,103,60,44,0,15,254,4,0
"Utah","Salt Lake",2023,274,124,134,15,1,0,0,154,90,53,1,25,212,31,5
"Utah","San Juan",2023,229,153,76,0,0,0,0,80,64,48,0,0,229,0,0
"Utah","Tooele",2023,273,187,86,0,0,0,0,97,71,46,0,0,250,23,0
"Utah","Uintah",2023,273,129,107,16,18,3,0,215,129,51,0,0,264,9,0
"Utah","Utah",2023,273,163,110,0,0,0,0,97,74,48,0,1,230,41,1
"Utah","Washington",2023,273,201,72,0,0,0,0,90,67,44,0,0,264,9,0
"Utah","Weber",2023,273,157,110,6,0,0,0,141,80,49,0,17,233,23,0
"Vermont","Bennington",2023,180,158,18,2,2,0,0,156,51,39,0,0,157,23,0
"Vermont","Chittenden",2023,182,153,25,3,1,0,0,158,56,42,3,0,145,34,0
"Vermont","Rutland",2023,181,155,26,0,0,0,0,94,56,39,2,0,130,49,0
"Virginia","Albemarle",2023,180,139,37,1,3,0,0,164,68,42,0,0,89,91,0
"Virginia","Arlington",2023,274,246,24,2,2,0,0,173,51,33,64,28,139,43,0
"Virginia","Bristol City",2023,82,68,12,2,0,0,0,116,59,30,0,0,0,82,0
"Virginia","Caroline",2023,121,106,15,0,0,0,0,97,54,43,0,0,121,0,0
"Virginia","Carroll",2023,29,29,0,0,0,0,0,45,19,7,0,0,0,0,29
"Virginia","Charles",2023,181,146,32,2,1,0,0,151,56,39,0,4,76,101,0
"Virginia","Chesterfield",2023,169,151,17,1,0,0,0,139,51,41,0,0,115,54,0
"Virginia","Fairfax",2023,274,225,41,5,3,0,0,198,63,36,93,13,90,78,0
"Virginia","Fauquier",2023,121,104,15,2,0,0,0,115,54,43,0,0,121,0,0
"Virginia","Frederick",2023,210,161,43,3,3,0,0,176,64,42,0,0,86,124,0
"Virginia","Giles",2023,208,172,35,1,0,0,0,101,58,43,0,0,208,0,0
"Virginia","Hampton City",2023,274,230,42,1,1,0,0,168,55,32,93,1,85,95,0
"Virginia","Hanover",2023,122,107,14,1,0,0,0,101,54,42,0,0,122,0,0
"Virginia","Henrico",2023,272,225,43,3,1,0,0,157,55,38,61,2,108,101,0
"Virginia","Hopewell City",2023,32,32,0,0,0,0,0,50,10,7,0,0,0,0,32
"Virginia","Loudoun",2023,209,179,26,2,2,0,0,162,60,38,0,10,162,37,0
"Virginia","Lynchburg City",2023,90,76,12,2,0,0,0,135,52,26,0,0,0,90,0
"Virginia","Madison",2023,212,177,30,3,2,0,0,156,64,44,0,0,202,10,0
"Virginia","Norfolk City",2023,273,260,13,0,0,0,0,96,37,13,63,136,0,72,2
"Virginia","Prince Edward",2023,210,201,9,0,0,0,0,74,45,37,0,0,210,0,0
"Virginia","Prince William",2023,181,158,20,3,0,0,0,129,54,39,0,4,177,0,0
"Virginia","Richmond City",2023,272,229,39,1,3,0,0,156,56,32,60,48,0,164,0
"Virginia","Roanoke",2023,274,231,40,2,1,0,0,156,58,30,93,5,84,92,0
"Virginia","Rockbridge",2023,122,112,10,0,0,0,0,80,49,42,0,0,122,0,0
"Virginia","Rockingham",2023,212,186,24,1,1,0,0,163,55,37,0,54,114,44,0
"Virginia","Salem City",2023,91,76,14,1,0,0,0,146,56,28,0,0,0,91,0
"Virginia","Stafford",2023,186,167,17,1,1,0,0,169,51,39,0,0,181,0,5
"Virginia","Suffolk City",2023,122,109,12,1,0,0,0,115,51,42,0,0,122,0,0
"Virginia","Virginia Beach City",2023,180,153,26,0,1,0,0,163,56,30,0,0,0,180,0
"Virginia","Wythe",2023,121,104,17,0,0,0,0,87,54,44,0,0,121,0,0
"Washington","Adams",2023,181,177,4,0,0,0,0,73,23,12,0,0,0,181,0
"Washington","Asotin",2023,175,136,38,1,0,0,0,108,60,34,0,0,0,175,0
"Washington","Benton",2023,181,158,22,1,0,0,0,116,54,34,0,0,66,97,18
"Washington","Chelan",2023,181,175,6,0,0,0,0,75,35,22,0,0,0,181,0
"Washington","Clallam",2023,181,175,6,0,0,0,0,56,45,37,0,0,151,30,0
"Washington","Clark",2023,181,164,17,0,0,0,0,87,50,30,0,0,66,115,0
"Washington","Columbia",2023,212,202,10,0,0,0,0,68,48,39,0,0,190,22,0
"Washington","Cowlitz",2023,181,178,3,0,0,0,0,58,28,11,0,0,0,181,0
"Washington","Franklin",2023,156,154,2,0,0,0,0,71,29,16,0,0,0,156,0
"Washington","Garfield",2023,181,180,1,0,0,0,0,57,16,7,0,0,0,181,0
"Washington","Grant",2023,181,176,5,0,0,0,0,88,34,20,0,0,0,181,0
"Washington","Grays Harbor",2023,181,181,0,0,0,0,0,40,28,15,0,0,0,181,0
"Washington","Jefferson",2023,175,175,0,0,0,0,0,44,23,15,0,0,0,175,0
"Washington","King",2023,182,157,24,1,0,0,0,112,52,38,1,15,88,78,0
"Washington","Kitsap",2023,170,168,2,0,0,0,0,56,30,15,0,0,0,170,0
"Washington","Kittitas",2023,181,165,15,1,0,0,0,106,49,18,0,0,0,181,0
"Washington","Lewis",2023,177,172,5,0,0,0,0,60,35,17,0,0,0,177,0
"Washington","Mason",2023,179,176,3,0,0,0,0,60,30,15,0,0,0,179,0
"Washington","Okanogan",2023,181,131,50,0,0,0,0,83,62,31,0,0,0,181,0
"Washington","Pierce",2023,181,162,19,0,0,0,0,73,53,41,0,2,148,31,0
"Washington","Skagit",2023,181,181,0,0,0,0,0,46,38,27,0,0,72,109,0
"Washington","Snohomish",2023,181,160,21,0,0,0,0,73,52,28,0,0,0,181,0
"Washington","Spokane",2023,181,157,24,0,0,0,0,80,53,33,0,0,73,102,6
"Washington","Stevens",2023,181,139,42,0,0,0,0,88,64,30,0,0,0,153,28
"Washington","Thurston",2023,174,171,3,0,0,0,0,58,41,23,0,0,71,103,0
"Washington","Walla Walla",2023,181,171,9,1,0,0,0,119,40,18,0,0,0,92,89
"Washington","Whatcom",2023,181,179,2,0,0,0,0,77,39,28,0,0,87,94,0
"Washington","Whitman",2023,181,176,5,0,0,0,0,78,28,13,0,0,0,181,0
"Washington","Yakima",2023,181,137,44,0,0,0,0,87,64,32,0,0,0,175,6
"West Virginia","Berkeley",2023,138,105,28,5,0,0,0,135,71,44,0,0,116,22,0
"West Virginia","Brooke",2023,181,166,13,1,1,0,0,175,45,19,0,0,0,59,122
"West Virginia","Cabell",2023,140,111,28,1,0,0,0,144,61,42,0,0,111,29,0
"West Virginia","Greenbrier",2023,119,105,14,0,0,0,0,87,51,43,0,0,119,0,0
"West Virginia","Hancock",2023,181,129,47,4,1,0,0,173,71,41,0,0,103,27,51
"West Virginia","Harrison",2023,53,43,9,0,1,0,0,162,60,29,0,0,0,53,0
"West Virginia","Kanawha",2023,178,152,25,0,1,0,0,152,60,40,1,0,100,77,0
"West Virginia","Marion",2023,59,50,8,0,1,0,0,165,58,31,0,0,0,59,0
"West Virginia","Marshall",2023,180,112,66,0,2,0,0,194,70,44,0,0,0,180,0
"West Virginia","Monongalia",2023,139,110,28,0,1,0,0,164,67,44,0,0,115,24,0
"West Virginia","Ohio",2023,140,107,30,2,1,0,0,175,74,44,0,0,113,27,0
"West Virginia","Tucker",2023,210,187,23,0,0,0,0,84,54,41,0,0,210,0,0
"West Virginia","Wood",2023,140,111,26,2,1,0,0,162,67,43,0,0,112,28,0
"Wisconsin","Ashland",2023,181,149,27,5,0,0,0,115,70,42,0,0,145,36,0
"Wisconsin","Brown",2023,181,121,48,7,5,0,0,171,85,41,0,0,68,113,0
"Wisconsin","Columbia",2023,96,50,28,16,2,0,0,159,115,50,0,0,96,0,0
"Wisconsin","Dane",2023,181,102,58,18,2,1,0,243,105,48,0,0,70,111,0
"Wisconsin","Dodge",2023,182,116,49,13,3,1,0,203,97,44,1,0,128,53,0
"Wisconsin","Door",2023,96,64,25,6,1,0,0,159,100,45,0,0,96,0,0
"Wisconsin","Eau Claire",2023,181,112,54,10,5,0,0,161,93,45,0,0,72,109,0
"Wisconsin","Fond du Lac",2023,96,64,28,4,0,0,0,122,84,44,0,0,96,0,0
"Wisconsin","Forest",2023,179,135,34,7,3,0,0,171,84,42,0,0,125,54,0
"Wisconsin","Grant",2023,181,115,61,2,3,0,0,198,71,40,0,0,0,181,0
"Wisconsin","Jackson",2023,181,145,31,3,2,0,0,156,62,28,0,0,0,181,0
"Wisconsin","Jefferson",2023,96,52,30,14,0,0,0,140,105,49,0,0,96,0,0
"Wisconsin","Kenosha",2023,182,111,53,15,3,0,0,190,100,45,1,0,98,83,0
"Wisconsin","Kewaunee",2023,96,57,33,5,1,0,0,172,97,46,0,0,96,0,0
"Wisconsin","La Crosse",2023,168,98,60,5,5,0,0,173,91,45,0,0,76,92,0
"Wisconsin","Manitowoc",2023,96,69,26,1,0,0,0,133,80,44,0,0,96,0,0
"Wisconsin","Marathon",2023,96,59,28,8,1,0,0,166,100,46,0,0,96,0,0
"Wisconsin","Milwaukee",2023,182,96,71,12,2,1,0,225,97,49,1,9,62,108,2
"Wisconsin","Monroe",2023,181,148,28,3,2,0,0,167,61,30,0,0,0,181,0
"Wisconsin","Outagamie",2023,181,114,55,7,5,0,0,177,91,43,0,0,66,115,0
"Wisconsin","Ozaukee",2023,181,121,48,9,3,0,0,192,93,44,0,0,81,100,0
"Wisconsin","Racine",2023,96,56,28,11,1,0,0,151,108,47,0,0,96,0,0
"Wisconsin","Rock",2023,96,43,32,19,2,0,0,177,126,54,0,0,96,0,0
"Wisconsin","Sauk",2023,181,116,45,15,4,1,0,246,101,44,0,0,77,104,0
"Wisconsin","Sheboygan",2023,96,56,27,12,1,0,0,182,112,49,0,0,96,0,0
"Wisconsin","Taylor",2023,211,151,50,5,5,0,0,164,80,42,0,0,148,63,0
"Wisconsin","Vilas",2023,172,132,29,9,2,0,0,164,90,37,0,0,70,102,0
"Wisconsin","Walworth",2023,96,51,29,16,0,0,0,143,122,49,0,0,96,0,0
"Wisconsin","Waukesha",2023,181,105,56,17,2,1,0,245,101,47,0,0,70,111,0
"Wyoming","Albany",2023,212,103,107,2,0,0,0,132,74,51,0,0,184,3,25
"Wyoming","Big Horn",2023,177,153,24,0,0,0,0,77,51,43,0,0,177,0,0
"Wyoming","Campbell",2023,181,138,40,3,0,0,0,146,61,44,0,0,142,7,32
"Wyoming","Carbon",2023,181,181,0,0,0,0,0,31,15,6,0,181,0,0,0
"Wyoming","Converse",2023,182,162,20,0,0,0,0,99,54,44,1,1,158,0,22
"Wyoming","Fremont",2023,181,82,96,3,0,0,0,110,67,51,0,0,142,39,0
"Wyoming","Johnson",2023,180,168,12,0,0,0,0,64,49,43,0,0,172,0,8
"Wyoming","Laramie",2023,182,131,46,4,1,0,0,155,64,46,1,1,168,6,6
"Wyoming","Lincoln",2023,181,126,55,0,0,0,0,97,64,47,0,7,168,2,4
"Wyoming","Natrona",2023,181,166,14,1,0,0,0,102,50,44,0,4,171,6,0
"Wyoming","Park",2023,212,208,4,0,0,0,0,98,24,11,0,0,0,212,0
"Wyoming","Platte",2023,181,162,17,0,2,0,0,191,59,13,0,0,0,0,181
"Wyoming","Sheridan",2023,181,143,36,2,0,0,0,118,55,44,0,0,133,47,1
"Wyoming","Sublette",2023,211,92,113,6,0,0,0,122,84,54,0,0,209,2,0
"Wyoming","Sweetwater",2023,212,125,78,8,0,1,0,211,87,49,0,0,170,33,9
"Wyoming","Teton",2023,244,203,41,0,0,0,0,74,54,46,1,0,240,3,0
"Wyoming","Uinta",2023,181,181,0,0,0,0,0,32,12,6,0,0,0,0,181
"Wyoming","Weston",2023,181,154,27,0,0,0,0,90,58,44,0,0,181,0,0
